"","ID","ADM4_EN","WEEK","CASE","DATE"
"1",1,"Bausasran",1,0,2014-01-06
"2",1,"Bausasran",10,0,2014-03-10
"3",1,"Bausasran",28,0,2014-07-14
"4",1,"Bausasran",37,0,2014-09-15
"5",1,"Bausasran",46,0,2014-11-17
"6",1,"Bausasran",2,0,2014-01-13
"7",1,"Bausasran",20,0,2014-05-19
"8",1,"Bausasran",29,0,2014-07-21
"9",1,"Bausasran",47,0,2014-11-24
"10",1,"Bausasran",41,1,2014-10-13
"11",1,"Bausasran",12,0,2014-03-24
"12",1,"Bausasran",21,0,2014-05-26
"13",1,"Bausasran",39,2,2014-09-29
"14",1,"Bausasran",48,0,2014-12-01
"15",1,"Bausasran",4,0,2014-01-27
"16",1,"Bausasran",13,0,2014-03-31
"17",1,"Bausasran",31,0,2014-08-04
"18",1,"Bausasran",40,3,2014-10-06
"19",1,"Bausasran",49,0,2014-12-08
"20",1,"Bausasran",5,0,2014-02-03
"21",1,"Bausasran",23,0,2014-06-09
"22",1,"Bausasran",50,0,2014-12-15
"23",1,"Bausasran",44,0,2014-11-03
"24",1,"Bausasran",33,0,2014-08-18
"25",1,"Bausasran",15,0,2014-04-14
"26",1,"Bausasran",42,1,2014-10-20
"27",1,"Bausasran",51,0,2014-12-22
"28",1,"Bausasran",52,0,2014-12-29
"29",1,"Bausasran",7,0,2014-02-17
"30",1,"Bausasran",34,0,2014-08-25
"31",1,"Bausasran",43,0,2014-10-27
"32",1,"Bausasran",38,0,2014-09-22
"33",1,"Bausasran",36,0,2014-09-08
"34",1,"Bausasran",26,0,2014-06-30
"35",1,"Bausasran",35,1,2014-09-01
"36",1,"Bausasran",45,0,2014-11-10
"37",1,"Bausasran",25,0,2014-06-23
"38",1,"Bausasran",18,0,2014-05-05
"39",1,"Bausasran",27,0,2014-07-07
"40",1,"Bausasran",22,0,2014-06-02
"41",1,"Bausasran",32,0,2014-08-11
"42",1,"Bausasran",17,0,2014-04-28
"43",1,"Bausasran",19,1,2014-05-12
"44",1,"Bausasran",14,0,2014-04-07
"45",1,"Bausasran",30,0,2014-07-28
"46",1,"Bausasran",24,0,2014-06-16
"47",1,"Bausasran",11,0,2014-03-17
"48",1,"Bausasran",6,0,2014-02-10
"49",1,"Bausasran",16,0,2014-04-21
"50",1,"Bausasran",3,0,2014-01-20
"51",1,"Bausasran",8,0,2014-02-24
"52",1,"Bausasran",9,0,2014-03-03
"53",2,"Tegalpanggung",1,0,2014-01-06
"54",2,"Tegalpanggung",41,0,2014-10-13
"55",2,"Tegalpanggung",46,0,2014-11-17
"56",2,"Tegalpanggung",4,0,2014-01-27
"57",2,"Tegalpanggung",52,0,2014-12-29
"58",2,"Tegalpanggung",38,0,2014-09-22
"59",2,"Tegalpanggung",48,0,2014-12-01
"60",2,"Tegalpanggung",49,0,2014-12-08
"61",2,"Tegalpanggung",44,0,2014-11-03
"62",2,"Tegalpanggung",51,0,2014-12-22
"63",2,"Tegalpanggung",40,0,2014-10-06
"64",2,"Tegalpanggung",17,0,2014-04-28
"65",2,"Tegalpanggung",12,0,2014-03-24
"66",2,"Tegalpanggung",37,0,2014-09-15
"67",2,"Tegalpanggung",50,0,2014-12-15
"68",2,"Tegalpanggung",33,0,2014-08-18
"69",2,"Tegalpanggung",24,0,2014-06-16
"70",2,"Tegalpanggung",28,0,2014-07-14
"71",2,"Tegalpanggung",45,0,2014-11-10
"72",2,"Tegalpanggung",43,0,2014-10-27
"73",2,"Tegalpanggung",25,0,2014-06-23
"74",2,"Tegalpanggung",20,0,2014-05-19
"75",2,"Tegalpanggung",31,0,2014-08-04
"76",2,"Tegalpanggung",35,0,2014-09-01
"77",2,"Tegalpanggung",32,0,2014-08-11
"78",2,"Tegalpanggung",23,1,2014-06-09
"79",2,"Tegalpanggung",47,0,2014-11-24
"80",2,"Tegalpanggung",39,0,2014-09-29
"81",2,"Tegalpanggung",36,0,2014-09-08
"82",2,"Tegalpanggung",9,1,2014-03-03
"83",2,"Tegalpanggung",10,0,2014-03-10
"84",2,"Tegalpanggung",19,0,2014-05-12
"85",2,"Tegalpanggung",22,0,2014-06-02
"86",2,"Tegalpanggung",16,0,2014-04-21
"87",2,"Tegalpanggung",2,0,2014-01-13
"88",2,"Tegalpanggung",11,0,2014-03-17
"89",2,"Tegalpanggung",29,0,2014-07-21
"90",2,"Tegalpanggung",8,0,2014-02-24
"91",2,"Tegalpanggung",15,0,2014-04-14
"92",2,"Tegalpanggung",3,0,2014-01-20
"93",2,"Tegalpanggung",21,0,2014-05-26
"94",2,"Tegalpanggung",30,0,2014-07-28
"95",2,"Tegalpanggung",7,0,2014-02-17
"96",2,"Tegalpanggung",27,0,2014-07-07
"97",2,"Tegalpanggung",13,0,2014-03-31
"98",2,"Tegalpanggung",34,0,2014-08-25
"99",2,"Tegalpanggung",42,0,2014-10-20
"100",2,"Tegalpanggung",5,0,2014-02-03
"101",2,"Tegalpanggung",14,0,2014-04-07
"102",2,"Tegalpanggung",26,0,2014-06-30
"103",2,"Tegalpanggung",6,0,2014-02-10
"104",2,"Tegalpanggung",18,0,2014-05-05
"105",3,"Suryatmajan",39,0,2014-09-29
"106",3,"Suryatmajan",22,0,2014-06-02
"107",3,"Suryatmajan",17,0,2014-04-28
"108",3,"Suryatmajan",32,0,2014-08-11
"109",3,"Suryatmajan",33,0,2014-08-18
"110",3,"Suryatmajan",45,0,2014-11-10
"111",3,"Suryatmajan",44,0,2014-11-03
"112",3,"Suryatmajan",51,1,2014-12-22
"113",3,"Suryatmajan",43,0,2014-10-27
"114",3,"Suryatmajan",52,0,2014-12-29
"115",3,"Suryatmajan",50,0,2014-12-15
"116",3,"Suryatmajan",19,0,2014-05-12
"117",3,"Suryatmajan",35,0,2014-09-01
"118",3,"Suryatmajan",23,0,2014-06-09
"119",3,"Suryatmajan",28,0,2014-07-14
"120",3,"Suryatmajan",29,0,2014-07-21
"121",3,"Suryatmajan",36,0,2014-09-08
"122",3,"Suryatmajan",9,0,2014-03-03
"123",3,"Suryatmajan",24,0,2014-06-16
"124",3,"Suryatmajan",1,1,2014-01-06
"125",3,"Suryatmajan",31,1,2014-08-04
"126",3,"Suryatmajan",13,0,2014-03-31
"127",3,"Suryatmajan",37,0,2014-09-15
"128",3,"Suryatmajan",46,0,2014-11-17
"129",3,"Suryatmajan",2,0,2014-01-13
"130",3,"Suryatmajan",20,0,2014-05-19
"131",3,"Suryatmajan",8,0,2014-02-24
"132",3,"Suryatmajan",47,0,2014-11-24
"133",3,"Suryatmajan",41,0,2014-10-13
"134",3,"Suryatmajan",30,0,2014-07-28
"135",3,"Suryatmajan",21,0,2014-05-26
"136",3,"Suryatmajan",15,0,2014-04-14
"137",3,"Suryatmajan",48,0,2014-12-01
"138",3,"Suryatmajan",10,0,2014-03-10
"139",3,"Suryatmajan",34,1,2014-08-25
"140",3,"Suryatmajan",16,0,2014-04-21
"141",3,"Suryatmajan",40,0,2014-10-06
"142",3,"Suryatmajan",49,0,2014-12-08
"143",3,"Suryatmajan",26,0,2014-06-30
"144",3,"Suryatmajan",11,0,2014-03-17
"145",3,"Suryatmajan",14,0,2014-04-07
"146",3,"Suryatmajan",38,0,2014-09-22
"147",3,"Suryatmajan",12,0,2014-03-24
"148",3,"Suryatmajan",42,0,2014-10-20
"149",3,"Suryatmajan",18,0,2014-05-05
"150",3,"Suryatmajan",6,0,2014-02-10
"151",3,"Suryatmajan",4,0,2014-01-27
"152",3,"Suryatmajan",7,0,2014-02-17
"153",3,"Suryatmajan",25,0,2014-06-23
"154",3,"Suryatmajan",5,0,2014-02-03
"155",3,"Suryatmajan",3,0,2014-01-20
"156",3,"Suryatmajan",27,0,2014-07-07
"157",4,"Sosromenduran",28,0,2014-07-14
"158",4,"Sosromenduran",43,0,2014-10-27
"159",4,"Sosromenduran",29,0,2014-07-21
"160",4,"Sosromenduran",47,0,2014-11-24
"161",4,"Sosromenduran",44,0,2014-11-03
"162",4,"Sosromenduran",23,0,2014-06-09
"163",4,"Sosromenduran",42,0,2014-10-20
"164",4,"Sosromenduran",45,0,2014-11-10
"165",4,"Sosromenduran",1,0,2014-01-06
"166",4,"Sosromenduran",33,0,2014-08-18
"167",4,"Sosromenduran",19,0,2014-05-12
"168",4,"Sosromenduran",37,0,2014-09-15
"169",4,"Sosromenduran",46,0,2014-11-17
"170",4,"Sosromenduran",31,0,2014-08-04
"171",4,"Sosromenduran",35,0,2014-09-01
"172",4,"Sosromenduran",17,0,2014-04-28
"173",4,"Sosromenduran",38,0,2014-09-22
"174",4,"Sosromenduran",32,0,2014-08-11
"175",4,"Sosromenduran",30,1,2014-07-28
"176",4,"Sosromenduran",36,0,2014-09-08
"177",4,"Sosromenduran",39,0,2014-09-29
"178",4,"Sosromenduran",48,0,2014-12-01
"179",4,"Sosromenduran",10,0,2014-03-10
"180",4,"Sosromenduran",13,0,2014-03-31
"181",4,"Sosromenduran",22,1,2014-06-02
"182",4,"Sosromenduran",40,0,2014-10-06
"183",4,"Sosromenduran",20,0,2014-05-19
"184",4,"Sosromenduran",11,0,2014-03-17
"185",4,"Sosromenduran",14,1,2014-04-07
"186",4,"Sosromenduran",50,0,2014-12-15
"187",4,"Sosromenduran",41,0,2014-10-13
"188",4,"Sosromenduran",27,0,2014-07-07
"189",4,"Sosromenduran",21,0,2014-05-26
"190",4,"Sosromenduran",24,0,2014-06-16
"191",4,"Sosromenduran",51,0,2014-12-22
"192",4,"Sosromenduran",4,0,2014-01-27
"193",4,"Sosromenduran",34,0,2014-08-25
"194",4,"Sosromenduran",16,0,2014-04-21
"195",4,"Sosromenduran",25,0,2014-06-23
"196",4,"Sosromenduran",52,0,2014-12-29
"197",4,"Sosromenduran",26,0,2014-06-30
"198",4,"Sosromenduran",8,0,2014-02-24
"199",4,"Sosromenduran",9,0,2014-03-03
"200",4,"Sosromenduran",6,0,2014-02-10
"201",4,"Sosromenduran",12,0,2014-03-24
"202",4,"Sosromenduran",15,1,2014-04-14
"203",4,"Sosromenduran",7,0,2014-02-17
"204",4,"Sosromenduran",3,0,2014-01-20
"205",4,"Sosromenduran",2,0,2014-01-13
"206",4,"Sosromenduran",5,0,2014-02-03
"207",4,"Sosromenduran",18,0,2014-05-05
"208",4,"Sosromenduran",49,0,2014-12-08
"209",5,"Pringgokusuman",27,0,2014-07-07
"210",5,"Pringgokusuman",26,0,2014-06-30
"211",5,"Pringgokusuman",28,0,2014-07-14
"212",5,"Pringgokusuman",1,0,2014-01-06
"213",5,"Pringgokusuman",9,0,2014-03-03
"214",5,"Pringgokusuman",49,1,2014-12-08
"215",5,"Pringgokusuman",29,0,2014-07-21
"216",5,"Pringgokusuman",48,0,2014-12-01
"217",5,"Pringgokusuman",6,0,2014-02-10
"218",5,"Pringgokusuman",12,0,2014-03-24
"219",5,"Pringgokusuman",8,0,2014-02-24
"220",5,"Pringgokusuman",46,1,2014-11-17
"221",5,"Pringgokusuman",7,0,2014-02-17
"222",5,"Pringgokusuman",51,0,2014-12-22
"223",5,"Pringgokusuman",30,1,2014-07-28
"224",5,"Pringgokusuman",45,1,2014-11-10
"225",5,"Pringgokusuman",5,0,2014-02-03
"226",5,"Pringgokusuman",52,0,2014-12-29
"227",5,"Pringgokusuman",41,0,2014-10-13
"228",5,"Pringgokusuman",2,0,2014-01-13
"229",5,"Pringgokusuman",3,0,2014-01-20
"230",5,"Pringgokusuman",44,0,2014-11-03
"231",5,"Pringgokusuman",24,1,2014-06-16
"232",5,"Pringgokusuman",15,0,2014-04-14
"233",5,"Pringgokusuman",4,0,2014-01-27
"234",5,"Pringgokusuman",39,1,2014-09-29
"235",5,"Pringgokusuman",40,1,2014-10-06
"236",5,"Pringgokusuman",34,0,2014-08-25
"237",5,"Pringgokusuman",16,0,2014-04-21
"238",5,"Pringgokusuman",43,0,2014-10-27
"239",5,"Pringgokusuman",47,0,2014-11-24
"240",5,"Pringgokusuman",38,0,2014-09-22
"241",5,"Pringgokusuman",35,0,2014-09-01
"242",5,"Pringgokusuman",17,0,2014-04-28
"243",5,"Pringgokusuman",42,0,2014-10-20
"244",5,"Pringgokusuman",25,0,2014-06-23
"245",5,"Pringgokusuman",18,0,2014-05-05
"246",5,"Pringgokusuman",36,0,2014-09-08
"247",5,"Pringgokusuman",37,1,2014-09-15
"248",5,"Pringgokusuman",50,0,2014-12-15
"249",5,"Pringgokusuman",10,1,2014-03-10
"250",5,"Pringgokusuman",19,0,2014-05-12
"251",5,"Pringgokusuman",23,0,2014-06-09
"252",5,"Pringgokusuman",31,0,2014-08-04
"253",5,"Pringgokusuman",32,0,2014-08-11
"254",5,"Pringgokusuman",20,2,2014-05-19
"255",5,"Pringgokusuman",21,0,2014-05-26
"256",5,"Pringgokusuman",11,1,2014-03-17
"257",5,"Pringgokusuman",22,0,2014-06-02
"258",5,"Pringgokusuman",33,0,2014-08-18
"259",5,"Pringgokusuman",13,0,2014-03-31
"260",5,"Pringgokusuman",14,0,2014-04-07
"261",6,"Demangan",8,0,2014-02-24
"262",6,"Demangan",41,0,2014-10-13
"263",6,"Demangan",49,0,2014-12-08
"264",6,"Demangan",48,0,2014-12-01
"265",6,"Demangan",5,0,2014-02-03
"266",6,"Demangan",43,0,2014-10-27
"267",6,"Demangan",52,0,2014-12-29
"268",6,"Demangan",45,0,2014-11-10
"269",6,"Demangan",7,0,2014-02-17
"270",6,"Demangan",6,0,2014-02-10
"271",6,"Demangan",17,0,2014-04-28
"272",6,"Demangan",9,0,2014-03-03
"273",6,"Demangan",1,0,2014-01-06
"274",6,"Demangan",4,0,2014-01-27
"275",6,"Demangan",51,1,2014-12-22
"276",6,"Demangan",33,1,2014-08-18
"277",6,"Demangan",34,0,2014-08-25
"278",6,"Demangan",46,1,2014-11-17
"279",6,"Demangan",37,1,2014-09-15
"280",6,"Demangan",40,0,2014-10-06
"281",6,"Demangan",20,0,2014-05-19
"282",6,"Demangan",3,0,2014-01-20
"283",6,"Demangan",44,1,2014-11-03
"284",6,"Demangan",38,0,2014-09-22
"285",6,"Demangan",32,0,2014-08-11
"286",6,"Demangan",18,0,2014-05-05
"287",6,"Demangan",36,0,2014-09-08
"288",6,"Demangan",39,0,2014-09-29
"289",6,"Demangan",30,0,2014-07-28
"290",6,"Demangan",10,0,2014-03-10
"291",6,"Demangan",2,0,2014-01-13
"292",6,"Demangan",31,0,2014-08-04
"293",6,"Demangan",16,0,2014-04-21
"294",6,"Demangan",25,0,2014-06-23
"295",6,"Demangan",35,0,2014-09-01
"296",6,"Demangan",47,0,2014-11-24
"297",6,"Demangan",50,0,2014-12-15
"298",6,"Demangan",42,0,2014-10-20
"299",6,"Demangan",12,0,2014-03-24
"300",6,"Demangan",21,4,2014-05-26
"301",6,"Demangan",27,0,2014-07-07
"302",6,"Demangan",22,0,2014-06-02
"303",6,"Demangan",24,0,2014-06-16
"304",6,"Demangan",28,0,2014-07-14
"305",6,"Demangan",19,1,2014-05-12
"306",6,"Demangan",29,0,2014-07-21
"307",6,"Demangan",14,1,2014-04-07
"308",6,"Demangan",11,0,2014-03-17
"309",6,"Demangan",26,0,2014-06-30
"310",6,"Demangan",13,1,2014-03-31
"311",6,"Demangan",23,0,2014-06-09
"312",6,"Demangan",15,1,2014-04-14
"313",7,"Klitren",52,0,2014-12-29
"314",7,"Klitren",1,0,2014-01-06
"315",7,"Klitren",6,0,2014-02-10
"316",7,"Klitren",38,0,2014-09-22
"317",7,"Klitren",7,0,2014-02-17
"318",7,"Klitren",4,0,2014-01-27
"319",7,"Klitren",51,0,2014-12-22
"320",7,"Klitren",40,0,2014-10-06
"321",7,"Klitren",25,0,2014-06-23
"322",7,"Klitren",35,0,2014-09-01
"323",7,"Klitren",5,0,2014-02-03
"324",7,"Klitren",50,0,2014-12-15
"325",7,"Klitren",41,1,2014-10-13
"326",7,"Klitren",47,0,2014-11-24
"327",7,"Klitren",36,1,2014-09-08
"328",7,"Klitren",39,1,2014-09-29
"329",7,"Klitren",33,0,2014-08-18
"330",7,"Klitren",45,0,2014-11-10
"331",7,"Klitren",2,1,2014-01-13
"332",7,"Klitren",37,0,2014-09-15
"333",7,"Klitren",19,1,2014-05-12
"334",7,"Klitren",22,0,2014-06-02
"335",7,"Klitren",46,0,2014-11-17
"336",7,"Klitren",3,0,2014-01-20
"337",7,"Klitren",29,0,2014-07-21
"338",7,"Klitren",44,0,2014-11-03
"339",7,"Klitren",17,0,2014-04-28
"340",7,"Klitren",14,0,2014-04-07
"341",7,"Klitren",27,0,2014-07-07
"342",7,"Klitren",30,0,2014-07-28
"343",7,"Klitren",24,1,2014-06-16
"344",7,"Klitren",34,0,2014-08-25
"345",7,"Klitren",28,0,2014-07-14
"346",7,"Klitren",31,0,2014-08-04
"347",7,"Klitren",43,0,2014-10-27
"348",7,"Klitren",16,0,2014-04-21
"349",7,"Klitren",26,1,2014-06-30
"350",7,"Klitren",49,1,2014-12-08
"351",7,"Klitren",32,0,2014-08-11
"352",7,"Klitren",23,0,2014-06-09
"353",7,"Klitren",15,0,2014-04-14
"354",7,"Klitren",9,0,2014-03-03
"355",7,"Klitren",18,0,2014-05-05
"356",7,"Klitren",21,3,2014-05-26
"357",7,"Klitren",11,1,2014-03-17
"358",7,"Klitren",48,1,2014-12-01
"359",7,"Klitren",10,2,2014-03-10
"360",7,"Klitren",13,1,2014-03-31
"361",7,"Klitren",42,0,2014-10-20
"362",7,"Klitren",8,0,2014-02-24
"363",7,"Klitren",20,0,2014-05-19
"364",7,"Klitren",12,0,2014-03-24
"365",8,"Terban",35,0,2014-09-01
"366",8,"Terban",3,0,2014-01-20
"367",8,"Terban",41,0,2014-10-13
"368",8,"Terban",36,0,2014-09-08
"369",8,"Terban",40,0,2014-10-06
"370",8,"Terban",33,0,2014-08-18
"371",8,"Terban",7,0,2014-02-17
"372",8,"Terban",34,0,2014-08-25
"373",8,"Terban",37,0,2014-09-15
"374",8,"Terban",43,0,2014-10-27
"375",8,"Terban",2,0,2014-01-13
"376",8,"Terban",8,0,2014-02-24
"377",8,"Terban",29,0,2014-07-21
"378",8,"Terban",44,2,2014-11-03
"379",8,"Terban",17,1,2014-04-28
"380",8,"Terban",47,0,2014-11-24
"381",8,"Terban",39,0,2014-09-29
"382",8,"Terban",30,0,2014-07-28
"383",8,"Terban",1,0,2014-01-06
"384",8,"Terban",45,1,2014-11-10
"385",8,"Terban",4,0,2014-01-27
"386",8,"Terban",28,0,2014-07-14
"387",8,"Terban",19,0,2014-05-12
"388",8,"Terban",22,0,2014-06-02
"389",8,"Terban",46,0,2014-11-17
"390",8,"Terban",26,0,2014-06-30
"391",8,"Terban",32,0,2014-08-11
"392",8,"Terban",38,0,2014-09-22
"393",8,"Terban",50,0,2014-12-15
"394",8,"Terban",27,0,2014-07-07
"395",8,"Terban",18,0,2014-05-05
"396",8,"Terban",21,0,2014-05-26
"397",8,"Terban",24,0,2014-06-16
"398",8,"Terban",51,0,2014-12-22
"399",8,"Terban",48,1,2014-12-01
"400",8,"Terban",31,0,2014-08-04
"401",8,"Terban",16,0,2014-04-21
"402",8,"Terban",25,0,2014-06-23
"403",8,"Terban",52,0,2014-12-29
"404",8,"Terban",20,0,2014-05-19
"405",8,"Terban",23,0,2014-06-09
"406",8,"Terban",14,0,2014-04-07
"407",8,"Terban",6,1,2014-02-10
"408",8,"Terban",9,0,2014-03-03
"409",8,"Terban",42,1,2014-10-20
"410",8,"Terban",15,0,2014-04-14
"411",8,"Terban",49,0,2014-12-08
"412",8,"Terban",10,1,2014-03-10
"413",8,"Terban",13,0,2014-03-31
"414",8,"Terban",5,0,2014-02-03
"415",8,"Terban",11,0,2014-03-17
"416",8,"Terban",12,1,2014-03-24
"417",9,"Kotabaru",7,0,2014-02-17
"418",9,"Kotabaru",26,0,2014-06-30
"419",9,"Kotabaru",28,0,2014-07-14
"420",9,"Kotabaru",15,0,2014-04-14
"421",9,"Kotabaru",14,0,2014-04-07
"422",9,"Kotabaru",29,1,2014-07-21
"423",9,"Kotabaru",13,0,2014-03-31
"424",9,"Kotabaru",47,0,2014-11-24
"425",9,"Kotabaru",1,0,2014-01-06
"426",9,"Kotabaru",4,0,2014-01-27
"427",9,"Kotabaru",52,0,2014-12-29
"428",9,"Kotabaru",51,0,2014-12-22
"429",9,"Kotabaru",16,0,2014-04-21
"430",9,"Kotabaru",8,0,2014-02-24
"431",9,"Kotabaru",10,0,2014-03-10
"432",9,"Kotabaru",11,0,2014-03-17
"433",9,"Kotabaru",46,0,2014-11-17
"434",9,"Kotabaru",17,0,2014-04-28
"435",9,"Kotabaru",9,0,2014-03-03
"436",9,"Kotabaru",12,0,2014-03-24
"437",9,"Kotabaru",6,0,2014-02-10
"438",9,"Kotabaru",41,0,2014-10-13
"439",9,"Kotabaru",42,0,2014-10-20
"440",9,"Kotabaru",24,0,2014-06-16
"441",9,"Kotabaru",45,0,2014-11-10
"442",9,"Kotabaru",48,0,2014-12-01
"443",9,"Kotabaru",34,0,2014-08-25
"444",9,"Kotabaru",25,0,2014-06-23
"445",9,"Kotabaru",37,0,2014-09-15
"446",9,"Kotabaru",40,0,2014-10-06
"447",9,"Kotabaru",49,0,2014-12-08
"448",9,"Kotabaru",35,0,2014-09-01
"449",9,"Kotabaru",44,0,2014-11-03
"450",9,"Kotabaru",23,0,2014-06-09
"451",9,"Kotabaru",38,0,2014-09-22
"452",9,"Kotabaru",27,0,2014-07-07
"453",9,"Kotabaru",36,0,2014-09-08
"454",9,"Kotabaru",39,0,2014-09-29
"455",9,"Kotabaru",33,0,2014-08-18
"456",9,"Kotabaru",22,0,2014-06-02
"457",9,"Kotabaru",43,0,2014-10-27
"458",9,"Kotabaru",5,0,2014-02-03
"459",9,"Kotabaru",31,0,2014-08-04
"460",9,"Kotabaru",50,0,2014-12-15
"461",9,"Kotabaru",20,0,2014-05-19
"462",9,"Kotabaru",3,0,2014-01-20
"463",9,"Kotabaru",21,1,2014-05-26
"464",9,"Kotabaru",32,0,2014-08-11
"465",9,"Kotabaru",30,1,2014-07-28
"466",9,"Kotabaru",19,0,2014-05-12
"467",9,"Kotabaru",2,0,2014-01-13
"468",9,"Kotabaru",18,0,2014-05-05
"469",10,"Baciro",48,0,2014-12-01
"470",10,"Baciro",13,0,2014-03-31
"471",10,"Baciro",51,0,2014-12-22
"472",10,"Baciro",11,0,2014-03-17
"473",10,"Baciro",14,0,2014-04-07
"474",10,"Baciro",49,0,2014-12-08
"475",10,"Baciro",12,0,2014-03-24
"476",10,"Baciro",44,1,2014-11-03
"477",10,"Baciro",15,1,2014-04-14
"478",10,"Baciro",41,0,2014-10-13
"479",10,"Baciro",9,0,2014-03-03
"480",10,"Baciro",10,1,2014-03-10
"481",10,"Baciro",45,0,2014-11-10
"482",10,"Baciro",39,0,2014-09-29
"483",10,"Baciro",16,0,2014-04-21
"484",10,"Baciro",8,0,2014-02-24
"485",10,"Baciro",43,0,2014-10-27
"486",10,"Baciro",46,0,2014-11-17
"487",10,"Baciro",52,0,2014-12-29
"488",10,"Baciro",17,0,2014-04-28
"489",10,"Baciro",35,0,2014-09-01
"490",10,"Baciro",47,0,2014-11-24
"491",10,"Baciro",38,0,2014-09-22
"492",10,"Baciro",50,0,2014-12-15
"493",10,"Baciro",7,0,2014-02-17
"494",10,"Baciro",36,0,2014-09-08
"495",10,"Baciro",27,0,2014-07-07
"496",10,"Baciro",33,0,2014-08-18
"497",10,"Baciro",34,0,2014-08-25
"498",10,"Baciro",2,0,2014-01-13
"499",10,"Baciro",37,0,2014-09-15
"500",10,"Baciro",40,0,2014-10-06
"501",10,"Baciro",25,0,2014-06-23
"502",10,"Baciro",20,1,2014-05-19
"503",10,"Baciro",26,0,2014-06-30
"504",10,"Baciro",6,0,2014-02-10
"505",10,"Baciro",29,0,2014-07-21
"506",10,"Baciro",1,0,2014-01-06
"507",10,"Baciro",4,0,2014-01-27
"508",10,"Baciro",21,0,2014-05-26
"509",10,"Baciro",30,0,2014-07-28
"510",10,"Baciro",24,0,2014-06-16
"511",10,"Baciro",32,0,2014-08-11
"512",10,"Baciro",5,0,2014-02-03
"513",10,"Baciro",31,0,2014-08-04
"514",10,"Baciro",22,0,2014-06-02
"515",10,"Baciro",42,0,2014-10-20
"516",10,"Baciro",3,0,2014-01-20
"517",10,"Baciro",19,1,2014-05-12
"518",10,"Baciro",28,0,2014-07-14
"519",10,"Baciro",23,0,2014-06-09
"520",10,"Baciro",18,0,2014-05-05
"521",11,"Prawirodirjan",8,0,2014-02-24
"522",11,"Prawirodirjan",9,0,2014-03-03
"523",11,"Prawirodirjan",44,0,2014-11-03
"524",11,"Prawirodirjan",48,0,2014-12-01
"525",11,"Prawirodirjan",33,4,2014-08-18
"526",11,"Prawirodirjan",41,0,2014-10-13
"527",11,"Prawirodirjan",11,0,2014-03-17
"528",11,"Prawirodirjan",52,0,2014-12-29
"529",11,"Prawirodirjan",10,0,2014-03-10
"530",11,"Prawirodirjan",45,0,2014-11-10
"531",11,"Prawirodirjan",38,0,2014-09-22
"532",11,"Prawirodirjan",50,0,2014-12-15
"533",11,"Prawirodirjan",35,0,2014-09-01
"534",11,"Prawirodirjan",47,0,2014-11-24
"535",11,"Prawirodirjan",39,1,2014-09-29
"536",11,"Prawirodirjan",51,1,2014-12-22
"537",11,"Prawirodirjan",21,0,2014-05-26
"538",11,"Prawirodirjan",36,0,2014-09-08
"539",11,"Prawirodirjan",37,0,2014-09-15
"540",11,"Prawirodirjan",40,0,2014-10-06
"541",11,"Prawirodirjan",46,0,2014-11-17
"542",11,"Prawirodirjan",43,0,2014-10-27
"543",11,"Prawirodirjan",26,0,2014-06-30
"544",11,"Prawirodirjan",6,0,2014-02-10
"545",11,"Prawirodirjan",29,1,2014-07-21
"546",11,"Prawirodirjan",49,0,2014-12-08
"547",11,"Prawirodirjan",7,0,2014-02-17
"548",11,"Prawirodirjan",27,0,2014-07-07
"549",11,"Prawirodirjan",30,0,2014-07-28
"550",11,"Prawirodirjan",22,1,2014-06-02
"551",11,"Prawirodirjan",34,1,2014-08-25
"552",11,"Prawirodirjan",2,0,2014-01-13
"553",11,"Prawirodirjan",19,0,2014-05-12
"554",11,"Prawirodirjan",18,0,2014-05-05
"555",11,"Prawirodirjan",25,1,2014-06-23
"556",11,"Prawirodirjan",15,0,2014-04-14
"557",11,"Prawirodirjan",3,0,2014-01-20
"558",11,"Prawirodirjan",5,0,2014-02-03
"559",11,"Prawirodirjan",12,0,2014-03-24
"560",11,"Prawirodirjan",24,0,2014-06-16
"561",11,"Prawirodirjan",42,0,2014-10-20
"562",11,"Prawirodirjan",17,0,2014-04-28
"563",11,"Prawirodirjan",31,0,2014-08-04
"564",11,"Prawirodirjan",32,1,2014-08-11
"565",11,"Prawirodirjan",16,0,2014-04-21
"566",11,"Prawirodirjan",1,0,2014-01-06
"567",11,"Prawirodirjan",4,0,2014-01-27
"568",11,"Prawirodirjan",23,0,2014-06-09
"569",11,"Prawirodirjan",13,0,2014-03-31
"570",11,"Prawirodirjan",28,0,2014-07-14
"571",11,"Prawirodirjan",20,0,2014-05-19
"572",11,"Prawirodirjan",14,1,2014-04-07
"573",12,"Ngupasan",35,0,2014-09-01
"574",12,"Ngupasan",46,0,2014-11-17
"575",12,"Ngupasan",7,0,2014-02-17
"576",12,"Ngupasan",39,0,2014-09-29
"577",12,"Ngupasan",8,0,2014-02-24
"578",12,"Ngupasan",6,0,2014-02-10
"579",12,"Ngupasan",45,0,2014-11-10
"580",12,"Ngupasan",43,0,2014-10-27
"581",12,"Ngupasan",51,0,2014-12-22
"582",12,"Ngupasan",40,0,2014-10-06
"583",12,"Ngupasan",44,0,2014-11-03
"584",12,"Ngupasan",3,0,2014-01-20
"585",12,"Ngupasan",37,0,2014-09-15
"586",12,"Ngupasan",38,0,2014-09-22
"587",12,"Ngupasan",47,0,2014-11-24
"588",12,"Ngupasan",36,0,2014-09-08
"589",12,"Ngupasan",27,0,2014-07-07
"590",12,"Ngupasan",30,0,2014-07-28
"591",12,"Ngupasan",34,0,2014-08-25
"592",12,"Ngupasan",16,0,2014-04-21
"593",12,"Ngupasan",2,0,2014-01-13
"594",12,"Ngupasan",5,0,2014-02-03
"595",12,"Ngupasan",19,0,2014-05-12
"596",12,"Ngupasan",26,0,2014-06-30
"597",12,"Ngupasan",17,0,2014-04-28
"598",12,"Ngupasan",50,0,2014-12-15
"599",12,"Ngupasan",32,0,2014-08-11
"600",12,"Ngupasan",41,0,2014-10-13
"601",12,"Ngupasan",15,0,2014-04-14
"602",12,"Ngupasan",42,1,2014-10-20
"603",12,"Ngupasan",18,0,2014-05-05
"604",12,"Ngupasan",33,0,2014-08-18
"605",12,"Ngupasan",24,0,2014-06-16
"606",12,"Ngupasan",10,0,2014-03-10
"607",12,"Ngupasan",28,0,2014-07-14
"608",12,"Ngupasan",31,0,2014-08-04
"609",12,"Ngupasan",52,0,2014-12-29
"610",12,"Ngupasan",25,0,2014-06-23
"611",12,"Ngupasan",29,0,2014-07-21
"612",12,"Ngupasan",20,0,2014-05-19
"613",12,"Ngupasan",23,0,2014-06-09
"614",12,"Ngupasan",9,0,2014-03-03
"615",12,"Ngupasan",1,0,2014-01-06
"616",12,"Ngupasan",4,0,2014-01-27
"617",12,"Ngupasan",21,0,2014-05-26
"618",12,"Ngupasan",22,0,2014-06-02
"619",12,"Ngupasan",48,0,2014-12-01
"620",12,"Ngupasan",13,0,2014-03-31
"621",12,"Ngupasan",11,0,2014-03-17
"622",12,"Ngupasan",14,0,2014-04-07
"623",12,"Ngupasan",12,0,2014-03-24
"624",12,"Ngupasan",49,0,2014-12-08
"625",13,"Bumijo",8,0,2014-02-24
"626",13,"Bumijo",2,0,2014-01-13
"627",13,"Bumijo",3,0,2014-01-20
"628",13,"Bumijo",17,0,2014-04-28
"629",13,"Bumijo",1,0,2014-01-06
"630",13,"Bumijo",7,0,2014-02-17
"631",13,"Bumijo",21,1,2014-05-26
"632",13,"Bumijo",42,0,2014-10-20
"633",13,"Bumijo",16,0,2014-04-21
"634",13,"Bumijo",18,0,2014-05-05
"635",13,"Bumijo",19,0,2014-05-12
"636",13,"Bumijo",28,0,2014-07-14
"637",13,"Bumijo",43,0,2014-10-27
"638",13,"Bumijo",33,0,2014-08-18
"639",13,"Bumijo",20,0,2014-05-19
"640",13,"Bumijo",23,0,2014-06-09
"641",13,"Bumijo",26,0,2014-06-30
"642",13,"Bumijo",15,0,2014-04-14
"643",13,"Bumijo",41,1,2014-10-13
"644",13,"Bumijo",47,0,2014-11-24
"645",13,"Bumijo",24,0,2014-06-16
"646",13,"Bumijo",36,0,2014-09-08
"647",13,"Bumijo",51,0,2014-12-22
"648",13,"Bumijo",45,0,2014-11-10
"649",13,"Bumijo",22,0,2014-06-02
"650",13,"Bumijo",34,0,2014-08-25
"651",13,"Bumijo",52,0,2014-12-29
"652",13,"Bumijo",11,0,2014-03-17
"653",13,"Bumijo",46,0,2014-11-17
"654",13,"Bumijo",49,0,2014-12-08
"655",13,"Bumijo",9,0,2014-03-03
"656",13,"Bumijo",44,0,2014-11-03
"657",13,"Bumijo",32,1,2014-08-11
"658",13,"Bumijo",48,0,2014-12-01
"659",13,"Bumijo",4,0,2014-01-27
"660",13,"Bumijo",10,0,2014-03-10
"661",13,"Bumijo",13,0,2014-03-31
"662",13,"Bumijo",14,0,2014-04-07
"663",13,"Bumijo",31,0,2014-08-04
"664",13,"Bumijo",25,0,2014-06-23
"665",13,"Bumijo",37,0,2014-09-15
"666",13,"Bumijo",38,0,2014-09-22
"667",13,"Bumijo",40,0,2014-10-06
"668",13,"Bumijo",29,0,2014-07-21
"669",13,"Bumijo",12,0,2014-03-24
"670",13,"Bumijo",30,0,2014-07-28
"671",13,"Bumijo",6,0,2014-02-10
"672",13,"Bumijo",39,0,2014-09-29
"673",13,"Bumijo",5,0,2014-02-03
"674",13,"Bumijo",35,0,2014-09-01
"675",13,"Bumijo",50,0,2014-12-15
"676",13,"Bumijo",27,0,2014-07-07
"677",14,"Gowongan",7,0,2014-02-17
"678",14,"Gowongan",48,0,2014-12-01
"679",14,"Gowongan",17,0,2014-04-28
"680",14,"Gowongan",19,0,2014-05-12
"681",14,"Gowongan",23,0,2014-06-09
"682",14,"Gowongan",49,0,2014-12-08
"683",14,"Gowongan",41,0,2014-10-13
"684",14,"Gowongan",12,0,2014-03-24
"685",14,"Gowongan",32,0,2014-08-11
"686",14,"Gowongan",47,0,2014-11-24
"687",14,"Gowongan",45,0,2014-11-10
"688",14,"Gowongan",51,0,2014-12-22
"689",14,"Gowongan",33,0,2014-08-18
"690",14,"Gowongan",8,1,2014-02-24
"691",14,"Gowongan",16,0,2014-04-21
"692",14,"Gowongan",37,0,2014-09-15
"693",14,"Gowongan",46,0,2014-11-17
"694",14,"Gowongan",14,1,2014-04-07
"695",14,"Gowongan",52,0,2014-12-29
"696",14,"Gowongan",18,0,2014-05-05
"697",14,"Gowongan",15,1,2014-04-14
"698",14,"Gowongan",38,0,2014-09-22
"699",14,"Gowongan",24,0,2014-06-16
"700",14,"Gowongan",42,0,2014-10-20
"701",14,"Gowongan",10,0,2014-03-10
"702",14,"Gowongan",13,0,2014-03-31
"703",14,"Gowongan",30,0,2014-07-28
"704",14,"Gowongan",43,0,2014-10-27
"705",14,"Gowongan",25,0,2014-06-23
"706",14,"Gowongan",11,1,2014-03-17
"707",14,"Gowongan",31,0,2014-08-04
"708",14,"Gowongan",20,0,2014-05-19
"709",14,"Gowongan",44,0,2014-11-03
"710",14,"Gowongan",35,0,2014-09-01
"711",14,"Gowongan",50,0,2014-12-15
"712",14,"Gowongan",6,2,2014-02-10
"713",14,"Gowongan",36,0,2014-09-08
"714",14,"Gowongan",39,0,2014-09-29
"715",14,"Gowongan",27,0,2014-07-07
"716",14,"Gowongan",2,0,2014-01-13
"717",14,"Gowongan",34,0,2014-08-25
"718",14,"Gowongan",9,0,2014-03-03
"719",14,"Gowongan",40,0,2014-10-06
"720",14,"Gowongan",26,0,2014-06-30
"721",14,"Gowongan",5,0,2014-02-03
"722",14,"Gowongan",3,0,2014-01-20
"723",14,"Gowongan",1,0,2014-01-06
"724",14,"Gowongan",4,0,2014-01-27
"725",14,"Gowongan",29,0,2014-07-21
"726",14,"Gowongan",28,0,2014-07-14
"727",14,"Gowongan",22,1,2014-06-02
"728",14,"Gowongan",21,0,2014-05-26
"729",15,"Cokrodiningratan",43,0,2014-10-27
"730",15,"Cokrodiningratan",44,0,2014-11-03
"731",15,"Cokrodiningratan",16,0,2014-04-21
"732",15,"Cokrodiningratan",8,1,2014-02-24
"733",15,"Cokrodiningratan",13,0,2014-03-31
"734",15,"Cokrodiningratan",14,0,2014-04-07
"735",15,"Cokrodiningratan",17,1,2014-04-28
"736",15,"Cokrodiningratan",45,0,2014-11-10
"737",15,"Cokrodiningratan",15,1,2014-04-14
"738",15,"Cokrodiningratan",47,0,2014-11-24
"739",15,"Cokrodiningratan",32,0,2014-08-11
"740",15,"Cokrodiningratan",9,1,2014-03-03
"741",15,"Cokrodiningratan",10,0,2014-03-10
"742",15,"Cokrodiningratan",51,0,2014-12-22
"743",15,"Cokrodiningratan",30,0,2014-07-28
"744",15,"Cokrodiningratan",48,0,2014-12-01
"745",15,"Cokrodiningratan",25,0,2014-06-23
"746",15,"Cokrodiningratan",52,0,2014-12-29
"747",15,"Cokrodiningratan",40,0,2014-10-06
"748",15,"Cokrodiningratan",46,0,2014-11-17
"749",15,"Cokrodiningratan",20,0,2014-05-19
"750",15,"Cokrodiningratan",12,0,2014-03-24
"751",15,"Cokrodiningratan",41,0,2014-10-13
"752",15,"Cokrodiningratan",29,0,2014-07-21
"753",15,"Cokrodiningratan",7,1,2014-02-17
"754",15,"Cokrodiningratan",42,0,2014-10-20
"755",15,"Cokrodiningratan",27,0,2014-07-07
"756",15,"Cokrodiningratan",39,0,2014-09-29
"757",15,"Cokrodiningratan",33,0,2014-08-18
"758",15,"Cokrodiningratan",34,0,2014-08-25
"759",15,"Cokrodiningratan",11,0,2014-03-17
"760",15,"Cokrodiningratan",28,0,2014-07-14
"761",15,"Cokrodiningratan",31,0,2014-08-04
"762",15,"Cokrodiningratan",49,0,2014-12-08
"763",15,"Cokrodiningratan",35,0,2014-09-01
"764",15,"Cokrodiningratan",38,0,2014-09-22
"765",15,"Cokrodiningratan",50,0,2014-12-15
"766",15,"Cokrodiningratan",6,0,2014-02-10
"767",15,"Cokrodiningratan",18,0,2014-05-05
"768",15,"Cokrodiningratan",24,0,2014-06-16
"769",15,"Cokrodiningratan",1,0,2014-01-06
"770",15,"Cokrodiningratan",4,0,2014-01-27
"771",15,"Cokrodiningratan",5,0,2014-02-03
"772",15,"Cokrodiningratan",37,0,2014-09-15
"773",15,"Cokrodiningratan",19,1,2014-05-12
"774",15,"Cokrodiningratan",2,1,2014-01-13
"775",15,"Cokrodiningratan",3,0,2014-01-20
"776",15,"Cokrodiningratan",26,1,2014-06-30
"777",15,"Cokrodiningratan",23,0,2014-06-09
"778",15,"Cokrodiningratan",22,0,2014-06-02
"779",15,"Cokrodiningratan",36,0,2014-09-08
"780",15,"Cokrodiningratan",21,0,2014-05-26
"781",16,"Rejowinangun",9,0,2014-03-03
"782",16,"Rejowinangun",15,0,2014-04-14
"783",16,"Rejowinangun",51,0,2014-12-22
"784",16,"Rejowinangun",30,1,2014-07-28
"785",16,"Rejowinangun",8,0,2014-02-24
"786",16,"Rejowinangun",41,0,2014-10-13
"787",16,"Rejowinangun",45,0,2014-11-10
"788",16,"Rejowinangun",11,0,2014-03-17
"789",16,"Rejowinangun",46,2,2014-11-17
"790",16,"Rejowinangun",10,0,2014-03-10
"791",16,"Rejowinangun",44,0,2014-11-03
"792",16,"Rejowinangun",50,0,2014-12-15
"793",16,"Rejowinangun",12,0,2014-03-24
"794",16,"Rejowinangun",43,0,2014-10-27
"795",16,"Rejowinangun",42,0,2014-10-20
"796",16,"Rejowinangun",27,0,2014-07-07
"797",16,"Rejowinangun",4,0,2014-01-27
"798",16,"Rejowinangun",16,0,2014-04-21
"799",16,"Rejowinangun",37,0,2014-09-15
"800",16,"Rejowinangun",40,0,2014-10-06
"801",16,"Rejowinangun",31,0,2014-08-04
"802",16,"Rejowinangun",5,0,2014-02-03
"803",16,"Rejowinangun",35,0,2014-09-01
"804",16,"Rejowinangun",38,1,2014-09-22
"805",16,"Rejowinangun",29,0,2014-07-21
"806",16,"Rejowinangun",32,0,2014-08-11
"807",16,"Rejowinangun",6,0,2014-02-10
"808",16,"Rejowinangun",36,2,2014-09-08
"809",16,"Rejowinangun",39,1,2014-09-29
"810",16,"Rejowinangun",18,1,2014-05-05
"811",16,"Rejowinangun",33,0,2014-08-18
"812",16,"Rejowinangun",34,0,2014-08-25
"813",16,"Rejowinangun",25,0,2014-06-23
"814",16,"Rejowinangun",2,0,2014-01-13
"815",16,"Rejowinangun",19,0,2014-05-12
"816",16,"Rejowinangun",52,0,2014-12-29
"817",16,"Rejowinangun",26,0,2014-06-30
"818",16,"Rejowinangun",23,0,2014-06-09
"819",16,"Rejowinangun",3,0,2014-01-20
"820",16,"Rejowinangun",21,1,2014-05-26
"821",16,"Rejowinangun",7,0,2014-02-17
"822",16,"Rejowinangun",24,0,2014-06-16
"823",16,"Rejowinangun",48,0,2014-12-01
"824",16,"Rejowinangun",20,0,2014-05-19
"825",16,"Rejowinangun",13,0,2014-03-31
"826",16,"Rejowinangun",28,0,2014-07-14
"827",16,"Rejowinangun",1,0,2014-01-06
"828",16,"Rejowinangun",22,0,2014-06-02
"829",16,"Rejowinangun",17,0,2014-04-28
"830",16,"Rejowinangun",14,0,2014-04-07
"831",16,"Rejowinangun",49,0,2014-12-08
"832",16,"Rejowinangun",47,0,2014-11-24
"833",17,"Prenggan",32,0,2014-08-11
"834",17,"Prenggan",31,0,2014-08-04
"835",17,"Prenggan",27,0,2014-07-07
"836",17,"Prenggan",24,0,2014-06-16
"837",17,"Prenggan",3,0,2014-01-20
"838",17,"Prenggan",42,0,2014-10-20
"839",17,"Prenggan",26,0,2014-06-30
"840",17,"Prenggan",25,0,2014-06-23
"841",17,"Prenggan",4,0,2014-01-27
"842",17,"Prenggan",28,0,2014-07-14
"843",17,"Prenggan",16,0,2014-04-21
"844",17,"Prenggan",17,0,2014-04-28
"845",17,"Prenggan",2,0,2014-01-13
"846",17,"Prenggan",20,0,2014-05-19
"847",17,"Prenggan",6,0,2014-02-10
"848",17,"Prenggan",15,0,2014-04-14
"849",17,"Prenggan",1,0,2014-01-06
"850",17,"Prenggan",41,0,2014-10-13
"851",17,"Prenggan",7,0,2014-02-17
"852",17,"Prenggan",33,0,2014-08-18
"853",17,"Prenggan",51,0,2014-12-22
"854",17,"Prenggan",39,0,2014-09-29
"855",17,"Prenggan",5,0,2014-02-03
"856",17,"Prenggan",8,0,2014-02-24
"857",17,"Prenggan",43,0,2014-10-27
"858",17,"Prenggan",52,0,2014-12-29
"859",17,"Prenggan",40,0,2014-10-06
"860",17,"Prenggan",49,0,2014-12-08
"861",17,"Prenggan",9,0,2014-03-03
"862",17,"Prenggan",50,0,2014-12-15
"863",17,"Prenggan",18,0,2014-05-05
"864",17,"Prenggan",21,1,2014-05-26
"865",17,"Prenggan",38,1,2014-09-22
"866",17,"Prenggan",36,0,2014-09-08
"867",17,"Prenggan",10,0,2014-03-10
"868",17,"Prenggan",19,0,2014-05-12
"869",17,"Prenggan",22,0,2014-06-02
"870",17,"Prenggan",29,0,2014-07-21
"871",17,"Prenggan",23,1,2014-06-09
"872",17,"Prenggan",37,0,2014-09-15
"873",17,"Prenggan",46,0,2014-11-17
"874",17,"Prenggan",48,0,2014-12-01
"875",17,"Prenggan",12,0,2014-03-24
"876",17,"Prenggan",44,0,2014-11-03
"877",17,"Prenggan",47,0,2014-11-24
"878",17,"Prenggan",14,0,2014-04-07
"879",17,"Prenggan",11,0,2014-03-17
"880",17,"Prenggan",30,0,2014-07-28
"881",17,"Prenggan",45,0,2014-11-10
"882",17,"Prenggan",35,0,2014-09-01
"883",17,"Prenggan",34,0,2014-08-25
"884",17,"Prenggan",13,0,2014-03-31
"885",18,"Purbayan",42,0,2014-10-20
"886",18,"Purbayan",52,0,2014-12-29
"887",18,"Purbayan",22,0,2014-06-02
"888",18,"Purbayan",26,0,2014-06-30
"889",18,"Purbayan",1,0,2014-01-06
"890",18,"Purbayan",28,0,2014-07-14
"891",18,"Purbayan",23,0,2014-06-09
"892",18,"Purbayan",24,0,2014-06-16
"893",18,"Purbayan",51,0,2014-12-22
"894",18,"Purbayan",21,0,2014-05-26
"895",18,"Purbayan",41,0,2014-10-13
"896",18,"Purbayan",19,0,2014-05-12
"897",18,"Purbayan",43,0,2014-10-27
"898",18,"Purbayan",17,0,2014-04-28
"899",18,"Purbayan",2,0,2014-01-13
"900",18,"Purbayan",46,0,2014-11-17
"901",18,"Purbayan",3,0,2014-01-20
"902",18,"Purbayan",15,0,2014-04-14
"903",18,"Purbayan",18,1,2014-05-05
"904",18,"Purbayan",47,0,2014-11-24
"905",18,"Purbayan",38,0,2014-09-22
"906",18,"Purbayan",16,3,2014-04-21
"907",18,"Purbayan",33,0,2014-08-18
"908",18,"Purbayan",45,0,2014-11-10
"909",18,"Purbayan",48,0,2014-12-01
"910",18,"Purbayan",13,0,2014-03-31
"911",18,"Purbayan",34,0,2014-08-25
"912",18,"Purbayan",20,1,2014-05-19
"913",18,"Purbayan",40,0,2014-10-06
"914",18,"Purbayan",49,0,2014-12-08
"915",18,"Purbayan",29,0,2014-07-21
"916",18,"Purbayan",50,0,2014-12-15
"917",18,"Purbayan",35,0,2014-09-01
"918",18,"Purbayan",9,0,2014-03-03
"919",18,"Purbayan",7,0,2014-02-17
"920",18,"Purbayan",27,0,2014-07-07
"921",18,"Purbayan",36,1,2014-09-08
"922",18,"Purbayan",10,0,2014-03-10
"923",18,"Purbayan",11,0,2014-03-17
"924",18,"Purbayan",31,0,2014-08-04
"925",18,"Purbayan",8,0,2014-02-24
"926",18,"Purbayan",37,0,2014-09-15
"927",18,"Purbayan",39,0,2014-09-29
"928",18,"Purbayan",14,0,2014-04-07
"929",18,"Purbayan",44,0,2014-11-03
"930",18,"Purbayan",6,0,2014-02-10
"931",18,"Purbayan",12,1,2014-03-24
"932",18,"Purbayan",4,0,2014-01-27
"933",18,"Purbayan",30,0,2014-07-28
"934",18,"Purbayan",25,0,2014-06-23
"935",18,"Purbayan",5,0,2014-02-03
"936",18,"Purbayan",32,0,2014-08-11
"937",19,"Panembahan",19,0,2014-05-12
"938",19,"Panembahan",47,0,2014-11-24
"939",19,"Panembahan",48,0,2014-12-01
"940",19,"Panembahan",34,0,2014-08-25
"941",19,"Panembahan",23,1,2014-06-09
"942",19,"Panembahan",49,0,2014-12-08
"943",19,"Panembahan",18,0,2014-05-05
"944",19,"Panembahan",50,0,2014-12-15
"945",19,"Panembahan",41,0,2014-10-13
"946",19,"Panembahan",16,0,2014-04-21
"947",19,"Panembahan",33,1,2014-08-18
"948",19,"Panembahan",51,0,2014-12-22
"949",19,"Panembahan",45,0,2014-11-10
"950",19,"Panembahan",13,0,2014-03-31
"951",19,"Panembahan",17,0,2014-04-28
"952",19,"Panembahan",31,0,2014-08-04
"953",19,"Panembahan",5,0,2014-02-03
"954",19,"Panembahan",52,0,2014-12-29
"955",19,"Panembahan",20,1,2014-05-19
"956",19,"Panembahan",44,0,2014-11-03
"957",19,"Panembahan",35,0,2014-09-01
"958",19,"Panembahan",38,0,2014-09-22
"959",19,"Panembahan",24,1,2014-06-16
"960",19,"Panembahan",42,0,2014-10-20
"961",19,"Panembahan",7,0,2014-02-17
"962",19,"Panembahan",36,0,2014-09-08
"963",19,"Panembahan",10,0,2014-03-10
"964",19,"Panembahan",43,0,2014-10-27
"965",19,"Panembahan",25,0,2014-06-23
"966",19,"Panembahan",8,0,2014-02-24
"967",19,"Panembahan",46,0,2014-11-17
"968",19,"Panembahan",14,0,2014-04-07
"969",19,"Panembahan",15,2,2014-04-14
"970",19,"Panembahan",32,0,2014-08-11
"971",19,"Panembahan",6,0,2014-02-10
"972",19,"Panembahan",12,0,2014-03-24
"973",19,"Panembahan",3,0,2014-01-20
"974",19,"Panembahan",1,1,2014-01-06
"975",19,"Panembahan",4,0,2014-01-27
"976",19,"Panembahan",39,0,2014-09-29
"977",19,"Panembahan",30,0,2014-07-28
"978",19,"Panembahan",40,0,2014-10-06
"979",19,"Panembahan",28,0,2014-07-14
"980",19,"Panembahan",37,0,2014-09-15
"981",19,"Panembahan",11,0,2014-03-17
"982",19,"Panembahan",21,1,2014-05-26
"983",19,"Panembahan",9,0,2014-03-03
"984",19,"Panembahan",29,1,2014-07-21
"985",19,"Panembahan",22,0,2014-06-02
"986",19,"Panembahan",27,1,2014-07-07
"987",19,"Panembahan",2,0,2014-01-13
"988",19,"Panembahan",26,0,2014-06-30
"989",20,"Kadipaten",43,0,2014-10-27
"990",20,"Kadipaten",17,1,2014-04-28
"991",20,"Kadipaten",44,0,2014-11-03
"992",20,"Kadipaten",41,0,2014-10-13
"993",20,"Kadipaten",13,0,2014-03-31
"994",20,"Kadipaten",33,0,2014-08-18
"995",20,"Kadipaten",16,0,2014-04-21
"996",20,"Kadipaten",46,0,2014-11-17
"997",20,"Kadipaten",20,1,2014-05-19
"998",20,"Kadipaten",15,0,2014-04-14
"999",20,"Kadipaten",12,1,2014-03-24
"1000",20,"Kadipaten",42,0,2014-10-20
"1001",20,"Kadipaten",7,0,2014-02-17
"1002",20,"Kadipaten",45,0,2014-11-10
"1003",20,"Kadipaten",36,0,2014-09-08
"1004",20,"Kadipaten",10,0,2014-03-10
"1005",20,"Kadipaten",34,0,2014-08-25
"1006",20,"Kadipaten",8,0,2014-02-24
"1007",20,"Kadipaten",25,2,2014-06-23
"1008",20,"Kadipaten",40,0,2014-10-06
"1009",20,"Kadipaten",14,0,2014-04-07
"1010",20,"Kadipaten",35,0,2014-09-01
"1011",20,"Kadipaten",9,0,2014-03-03
"1012",20,"Kadipaten",6,0,2014-02-10
"1013",20,"Kadipaten",50,0,2014-12-15
"1014",20,"Kadipaten",18,0,2014-05-05
"1015",20,"Kadipaten",24,0,2014-06-16
"1016",20,"Kadipaten",39,0,2014-09-29
"1017",20,"Kadipaten",30,0,2014-07-28
"1018",20,"Kadipaten",51,0,2014-12-22
"1019",20,"Kadipaten",31,0,2014-08-04
"1020",20,"Kadipaten",28,0,2014-07-14
"1021",20,"Kadipaten",5,0,2014-02-03
"1022",20,"Kadipaten",37,0,2014-09-15
"1023",20,"Kadipaten",23,0,2014-06-09
"1024",20,"Kadipaten",32,0,2014-08-11
"1025",20,"Kadipaten",29,0,2014-07-21
"1026",20,"Kadipaten",3,0,2014-01-20
"1027",20,"Kadipaten",47,0,2014-11-24
"1028",20,"Kadipaten",21,0,2014-05-26
"1029",20,"Kadipaten",27,0,2014-07-07
"1030",20,"Kadipaten",4,0,2014-01-27
"1031",20,"Kadipaten",52,0,2014-12-29
"1032",20,"Kadipaten",48,0,2014-12-01
"1033",20,"Kadipaten",22,0,2014-06-02
"1034",20,"Kadipaten",2,0,2014-01-13
"1035",20,"Kadipaten",11,0,2014-03-17
"1036",20,"Kadipaten",26,0,2014-06-30
"1037",20,"Kadipaten",1,0,2014-01-06
"1038",20,"Kadipaten",38,0,2014-09-22
"1039",20,"Kadipaten",19,0,2014-05-12
"1040",20,"Kadipaten",49,0,2014-12-08
"1041",21,"Patehan",10,0,2014-03-10
"1042",21,"Patehan",34,0,2014-08-25
"1043",21,"Patehan",15,0,2014-04-14
"1044",21,"Patehan",29,0,2014-07-21
"1045",21,"Patehan",30,0,2014-07-28
"1046",21,"Patehan",42,1,2014-10-20
"1047",21,"Patehan",36,0,2014-09-08
"1048",21,"Patehan",31,0,2014-08-04
"1049",21,"Patehan",37,0,2014-09-15
"1050",21,"Patehan",9,0,2014-03-03
"1051",21,"Patehan",25,0,2014-06-23
"1052",21,"Patehan",52,1,2014-12-29
"1053",21,"Patehan",32,0,2014-08-11
"1054",21,"Patehan",7,0,2014-02-17
"1055",21,"Patehan",26,0,2014-06-30
"1056",21,"Patehan",1,0,2014-01-06
"1057",21,"Patehan",27,0,2014-07-07
"1058",21,"Patehan",33,0,2014-08-18
"1059",21,"Patehan",24,0,2014-06-16
"1060",21,"Patehan",28,0,2014-07-14
"1061",21,"Patehan",2,0,2014-01-13
"1062",21,"Patehan",5,0,2014-02-03
"1063",21,"Patehan",8,1,2014-02-24
"1064",21,"Patehan",23,0,2014-06-09
"1065",21,"Patehan",14,0,2014-04-07
"1066",21,"Patehan",3,0,2014-01-20
"1067",21,"Patehan",35,0,2014-09-01
"1068",21,"Patehan",50,0,2014-12-15
"1069",21,"Patehan",41,0,2014-10-13
"1070",21,"Patehan",4,1,2014-01-27
"1071",21,"Patehan",47,0,2014-11-24
"1072",21,"Patehan",16,0,2014-04-21
"1073",21,"Patehan",51,0,2014-12-22
"1074",21,"Patehan",17,0,2014-04-28
"1075",21,"Patehan",45,0,2014-11-10
"1076",21,"Patehan",11,0,2014-03-17
"1077",21,"Patehan",43,0,2014-10-27
"1078",21,"Patehan",12,0,2014-03-24
"1079",21,"Patehan",20,0,2014-05-19
"1080",21,"Patehan",6,1,2014-02-10
"1081",21,"Patehan",38,0,2014-09-22
"1082",21,"Patehan",13,0,2014-03-31
"1083",21,"Patehan",44,1,2014-11-03
"1084",21,"Patehan",18,0,2014-05-05
"1085",21,"Patehan",39,0,2014-09-29
"1086",21,"Patehan",40,0,2014-10-06
"1087",21,"Patehan",22,1,2014-06-02
"1088",21,"Patehan",48,0,2014-12-01
"1089",21,"Patehan",49,0,2014-12-08
"1090",21,"Patehan",46,0,2014-11-17
"1091",21,"Patehan",21,1,2014-05-26
"1092",21,"Patehan",19,0,2014-05-12
"1093",22,"Suryodiningratan",31,1,2014-08-04
"1094",22,"Suryodiningratan",13,0,2014-03-31
"1095",22,"Suryodiningratan",52,0,2014-12-29
"1096",22,"Suryodiningratan",26,0,2014-06-30
"1097",22,"Suryodiningratan",41,0,2014-10-13
"1098",22,"Suryodiningratan",27,0,2014-07-07
"1099",22,"Suryodiningratan",24,1,2014-06-16
"1100",22,"Suryodiningratan",42,0,2014-10-20
"1101",22,"Suryodiningratan",25,0,2014-06-23
"1102",22,"Suryodiningratan",51,0,2014-12-22
"1103",22,"Suryodiningratan",33,0,2014-08-18
"1104",22,"Suryodiningratan",23,1,2014-06-09
"1105",22,"Suryodiningratan",14,0,2014-04-07
"1106",22,"Suryodiningratan",32,0,2014-08-11
"1107",22,"Suryodiningratan",6,0,2014-02-10
"1108",22,"Suryodiningratan",50,0,2014-12-15
"1109",22,"Suryodiningratan",12,0,2014-03-24
"1110",22,"Suryodiningratan",4,0,2014-01-27
"1111",22,"Suryodiningratan",7,0,2014-02-17
"1112",22,"Suryodiningratan",1,0,2014-01-06
"1113",22,"Suryodiningratan",36,0,2014-09-08
"1114",22,"Suryodiningratan",16,0,2014-04-21
"1115",22,"Suryodiningratan",5,0,2014-02-03
"1116",22,"Suryodiningratan",8,0,2014-02-24
"1117",22,"Suryodiningratan",2,0,2014-01-13
"1118",22,"Suryodiningratan",43,0,2014-10-27
"1119",22,"Suryodiningratan",17,0,2014-04-28
"1120",22,"Suryodiningratan",46,0,2014-11-17
"1121",22,"Suryodiningratan",9,0,2014-03-03
"1122",22,"Suryodiningratan",29,0,2014-07-21
"1123",22,"Suryodiningratan",44,2,2014-11-03
"1124",22,"Suryodiningratan",47,0,2014-11-24
"1125",22,"Suryodiningratan",21,1,2014-05-26
"1126",22,"Suryodiningratan",39,0,2014-09-29
"1127",22,"Suryodiningratan",10,1,2014-03-10
"1128",22,"Suryodiningratan",45,0,2014-11-10
"1129",22,"Suryodiningratan",28,0,2014-07-14
"1130",22,"Suryodiningratan",22,1,2014-06-02
"1131",22,"Suryodiningratan",40,0,2014-10-06
"1132",22,"Suryodiningratan",37,0,2014-09-15
"1133",22,"Suryodiningratan",20,0,2014-05-19
"1134",22,"Suryodiningratan",49,0,2014-12-08
"1135",22,"Suryodiningratan",19,1,2014-05-12
"1136",22,"Suryodiningratan",15,0,2014-04-14
"1137",22,"Suryodiningratan",18,2,2014-05-05
"1138",22,"Suryodiningratan",38,0,2014-09-22
"1139",22,"Suryodiningratan",30,0,2014-07-28
"1140",22,"Suryodiningratan",3,0,2014-01-20
"1141",22,"Suryodiningratan",48,0,2014-12-01
"1142",22,"Suryodiningratan",34,0,2014-08-25
"1143",22,"Suryodiningratan",11,0,2014-03-17
"1144",22,"Suryodiningratan",35,0,2014-09-01
"1145",23,"Gedongkiwo",50,0,2014-12-15
"1146",23,"Gedongkiwo",24,0,2014-06-16
"1147",23,"Gedongkiwo",51,0,2014-12-22
"1148",23,"Gedongkiwo",48,0,2014-12-01
"1149",23,"Gedongkiwo",49,0,2014-12-08
"1150",23,"Gedongkiwo",40,0,2014-10-06
"1151",23,"Gedongkiwo",17,1,2014-04-28
"1152",23,"Gedongkiwo",21,0,2014-05-26
"1153",23,"Gedongkiwo",39,2,2014-09-29
"1154",23,"Gedongkiwo",42,0,2014-10-20
"1155",23,"Gedongkiwo",47,0,2014-11-24
"1156",23,"Gedongkiwo",45,0,2014-11-10
"1157",23,"Gedongkiwo",28,0,2014-07-14
"1158",23,"Gedongkiwo",34,0,2014-08-25
"1159",23,"Gedongkiwo",52,0,2014-12-29
"1160",23,"Gedongkiwo",20,0,2014-05-19
"1161",23,"Gedongkiwo",26,0,2014-06-30
"1162",23,"Gedongkiwo",41,0,2014-10-13
"1163",23,"Gedongkiwo",44,0,2014-11-03
"1164",23,"Gedongkiwo",18,0,2014-05-05
"1165",23,"Gedongkiwo",38,0,2014-09-22
"1166",23,"Gedongkiwo",7,1,2014-02-17
"1167",23,"Gedongkiwo",30,0,2014-07-28
"1168",23,"Gedongkiwo",16,1,2014-04-21
"1169",23,"Gedongkiwo",10,0,2014-03-10
"1170",23,"Gedongkiwo",22,0,2014-06-02
"1171",23,"Gedongkiwo",31,0,2014-08-04
"1172",23,"Gedongkiwo",43,0,2014-10-27
"1173",23,"Gedongkiwo",37,0,2014-09-15
"1174",23,"Gedongkiwo",23,0,2014-06-09
"1175",23,"Gedongkiwo",46,0,2014-11-17
"1176",23,"Gedongkiwo",15,1,2014-04-14
"1177",23,"Gedongkiwo",35,0,2014-09-01
"1178",23,"Gedongkiwo",9,0,2014-03-03
"1179",23,"Gedongkiwo",12,0,2014-03-24
"1180",23,"Gedongkiwo",27,0,2014-07-07
"1181",23,"Gedongkiwo",33,0,2014-08-18
"1182",23,"Gedongkiwo",1,1,2014-01-06
"1183",23,"Gedongkiwo",19,0,2014-05-12
"1184",23,"Gedongkiwo",25,0,2014-06-23
"1185",23,"Gedongkiwo",8,1,2014-02-24
"1186",23,"Gedongkiwo",6,0,2014-02-10
"1187",23,"Gedongkiwo",11,0,2014-03-17
"1188",23,"Gedongkiwo",14,0,2014-04-07
"1189",23,"Gedongkiwo",32,0,2014-08-11
"1190",23,"Gedongkiwo",36,0,2014-09-08
"1191",23,"Gedongkiwo",13,0,2014-03-31
"1192",23,"Gedongkiwo",4,0,2014-01-27
"1193",23,"Gedongkiwo",5,0,2014-02-03
"1194",23,"Gedongkiwo",2,0,2014-01-13
"1195",23,"Gedongkiwo",29,0,2014-07-21
"1196",23,"Gedongkiwo",3,0,2014-01-20
"1197",24,"Mantrijeron",18,2,2014-05-05
"1198",24,"Mantrijeron",42,0,2014-10-20
"1199",24,"Mantrijeron",19,1,2014-05-12
"1200",24,"Mantrijeron",5,2,2014-02-03
"1201",24,"Mantrijeron",50,0,2014-12-15
"1202",24,"Mantrijeron",23,1,2014-06-09
"1203",24,"Mantrijeron",15,1,2014-04-14
"1204",24,"Mantrijeron",35,0,2014-09-01
"1205",24,"Mantrijeron",38,0,2014-09-22
"1206",24,"Mantrijeron",34,0,2014-08-25
"1207",24,"Mantrijeron",4,0,2014-01-27
"1208",24,"Mantrijeron",33,0,2014-08-18
"1209",24,"Mantrijeron",16,0,2014-04-21
"1210",24,"Mantrijeron",13,1,2014-03-31
"1211",24,"Mantrijeron",31,0,2014-08-04
"1212",24,"Mantrijeron",25,0,2014-06-23
"1213",24,"Mantrijeron",8,1,2014-02-24
"1214",24,"Mantrijeron",43,0,2014-10-27
"1215",24,"Mantrijeron",14,1,2014-04-07
"1216",24,"Mantrijeron",32,0,2014-08-11
"1217",24,"Mantrijeron",6,0,2014-02-10
"1218",24,"Mantrijeron",9,1,2014-03-03
"1219",24,"Mantrijeron",24,0,2014-06-16
"1220",24,"Mantrijeron",44,0,2014-11-03
"1221",24,"Mantrijeron",7,0,2014-02-17
"1222",24,"Mantrijeron",36,0,2014-09-08
"1223",24,"Mantrijeron",10,1,2014-03-10
"1224",24,"Mantrijeron",51,0,2014-12-22
"1225",24,"Mantrijeron",45,1,2014-11-10
"1226",24,"Mantrijeron",48,0,2014-12-01
"1227",24,"Mantrijeron",37,0,2014-09-15
"1228",24,"Mantrijeron",17,0,2014-04-28
"1229",24,"Mantrijeron",52,0,2014-12-29
"1230",24,"Mantrijeron",46,0,2014-11-17
"1231",24,"Mantrijeron",49,0,2014-12-08
"1232",24,"Mantrijeron",41,0,2014-10-13
"1233",24,"Mantrijeron",3,0,2014-01-20
"1234",24,"Mantrijeron",47,0,2014-11-24
"1235",24,"Mantrijeron",21,1,2014-05-26
"1236",24,"Mantrijeron",39,0,2014-09-29
"1237",24,"Mantrijeron",30,0,2014-07-28
"1238",24,"Mantrijeron",20,0,2014-05-19
"1239",24,"Mantrijeron",2,0,2014-01-13
"1240",24,"Mantrijeron",28,0,2014-07-14
"1241",24,"Mantrijeron",11,0,2014-03-17
"1242",24,"Mantrijeron",29,0,2014-07-21
"1243",24,"Mantrijeron",26,1,2014-06-30
"1244",24,"Mantrijeron",12,1,2014-03-24
"1245",24,"Mantrijeron",27,1,2014-07-07
"1246",24,"Mantrijeron",1,1,2014-01-06
"1247",24,"Mantrijeron",40,0,2014-10-06
"1248",24,"Mantrijeron",22,0,2014-06-02
"1249",25,"Wirogunan",34,0,2014-08-25
"1250",25,"Wirogunan",32,0,2014-08-11
"1251",25,"Wirogunan",7,0,2014-02-17
"1252",25,"Wirogunan",4,0,2014-01-27
"1253",25,"Wirogunan",5,0,2014-02-03
"1254",25,"Wirogunan",31,1,2014-08-04
"1255",25,"Wirogunan",13,2,2014-03-31
"1256",25,"Wirogunan",14,1,2014-04-07
"1257",25,"Wirogunan",35,1,2014-09-01
"1258",25,"Wirogunan",9,1,2014-03-03
"1259",25,"Wirogunan",40,0,2014-10-06
"1260",25,"Wirogunan",15,0,2014-04-14
"1261",25,"Wirogunan",47,0,2014-11-24
"1262",25,"Wirogunan",33,0,2014-08-18
"1263",25,"Wirogunan",41,0,2014-10-13
"1264",25,"Wirogunan",10,0,2014-03-10
"1265",25,"Wirogunan",42,1,2014-10-20
"1266",25,"Wirogunan",8,0,2014-02-24
"1267",25,"Wirogunan",36,1,2014-09-08
"1268",25,"Wirogunan",2,1,2014-01-13
"1269",25,"Wirogunan",37,0,2014-09-15
"1270",25,"Wirogunan",6,1,2014-02-10
"1271",25,"Wirogunan",49,0,2014-12-08
"1272",25,"Wirogunan",12,0,2014-03-24
"1273",25,"Wirogunan",3,1,2014-01-20
"1274",25,"Wirogunan",18,1,2014-05-05
"1275",25,"Wirogunan",50,0,2014-12-15
"1276",25,"Wirogunan",39,0,2014-09-29
"1277",25,"Wirogunan",30,0,2014-07-28
"1278",25,"Wirogunan",45,0,2014-11-10
"1279",25,"Wirogunan",48,0,2014-12-01
"1280",25,"Wirogunan",51,0,2014-12-22
"1281",25,"Wirogunan",25,0,2014-06-23
"1282",25,"Wirogunan",29,1,2014-07-21
"1283",25,"Wirogunan",20,0,2014-05-19
"1284",25,"Wirogunan",26,0,2014-06-30
"1285",25,"Wirogunan",52,0,2014-12-29
"1286",25,"Wirogunan",27,0,2014-07-07
"1287",25,"Wirogunan",46,0,2014-11-17
"1288",25,"Wirogunan",21,1,2014-05-26
"1289",25,"Wirogunan",1,0,2014-01-06
"1290",25,"Wirogunan",28,2,2014-07-14
"1291",25,"Wirogunan",44,0,2014-11-03
"1292",25,"Wirogunan",16,0,2014-04-21
"1293",25,"Wirogunan",22,0,2014-06-02
"1294",25,"Wirogunan",17,2,2014-04-28
"1295",25,"Wirogunan",11,0,2014-03-17
"1296",25,"Wirogunan",23,0,2014-06-09
"1297",25,"Wirogunan",24,0,2014-06-16
"1298",25,"Wirogunan",38,0,2014-09-22
"1299",25,"Wirogunan",19,1,2014-05-12
"1300",25,"Wirogunan",43,0,2014-10-27
"1301",26,"Keparakan",4,1,2014-01-27
"1302",26,"Keparakan",34,1,2014-08-25
"1303",26,"Keparakan",15,0,2014-04-14
"1304",26,"Keparakan",52,0,2014-12-29
"1305",26,"Keparakan",27,0,2014-07-07
"1306",26,"Keparakan",42,0,2014-10-20
"1307",26,"Keparakan",51,0,2014-12-22
"1308",26,"Keparakan",31,1,2014-08-04
"1309",26,"Keparakan",5,0,2014-02-03
"1310",26,"Keparakan",1,0,2014-01-06
"1311",26,"Keparakan",49,0,2014-12-08
"1312",26,"Keparakan",26,0,2014-06-30
"1313",26,"Keparakan",32,0,2014-08-11
"1314",26,"Keparakan",6,0,2014-02-10
"1315",26,"Keparakan",50,0,2014-12-15
"1316",26,"Keparakan",24,0,2014-06-16
"1317",26,"Keparakan",21,0,2014-05-26
"1318",26,"Keparakan",30,2,2014-07-28
"1319",26,"Keparakan",16,0,2014-04-21
"1320",26,"Keparakan",48,0,2014-12-01
"1321",26,"Keparakan",25,1,2014-06-23
"1322",26,"Keparakan",22,0,2014-06-02
"1323",26,"Keparakan",2,1,2014-01-13
"1324",26,"Keparakan",23,0,2014-06-09
"1325",26,"Keparakan",14,0,2014-04-07
"1326",26,"Keparakan",29,0,2014-07-21
"1327",26,"Keparakan",35,0,2014-09-01
"1328",26,"Keparakan",3,0,2014-01-20
"1329",26,"Keparakan",47,0,2014-11-24
"1330",26,"Keparakan",44,0,2014-11-03
"1331",26,"Keparakan",18,0,2014-05-05
"1332",26,"Keparakan",39,0,2014-09-29
"1333",26,"Keparakan",13,0,2014-03-31
"1334",26,"Keparakan",28,1,2014-07-14
"1335",26,"Keparakan",45,0,2014-11-10
"1336",26,"Keparakan",19,0,2014-05-12
"1337",26,"Keparakan",43,0,2014-10-27
"1338",26,"Keparakan",17,0,2014-04-28
"1339",26,"Keparakan",8,0,2014-02-24
"1340",26,"Keparakan",46,0,2014-11-17
"1341",26,"Keparakan",11,0,2014-03-17
"1342",26,"Keparakan",41,0,2014-10-13
"1343",26,"Keparakan",38,0,2014-09-22
"1344",26,"Keparakan",33,0,2014-08-18
"1345",26,"Keparakan",7,0,2014-02-17
"1346",26,"Keparakan",37,0,2014-09-15
"1347",26,"Keparakan",20,0,2014-05-19
"1348",26,"Keparakan",40,0,2014-10-06
"1349",26,"Keparakan",12,0,2014-03-24
"1350",26,"Keparakan",9,0,2014-03-03
"1351",26,"Keparakan",36,0,2014-09-08
"1352",26,"Keparakan",10,0,2014-03-10
"1353",27,"Brontokusuman",27,0,2014-07-07
"1354",27,"Brontokusuman",51,1,2014-12-22
"1355",27,"Brontokusuman",26,1,2014-06-30
"1356",27,"Brontokusuman",31,0,2014-08-04
"1357",27,"Brontokusuman",24,0,2014-06-16
"1358",27,"Brontokusuman",44,0,2014-11-03
"1359",27,"Brontokusuman",32,1,2014-08-11
"1360",27,"Brontokusuman",42,0,2014-10-20
"1361",27,"Brontokusuman",16,0,2014-04-21
"1362",27,"Brontokusuman",25,0,2014-06-23
"1363",27,"Brontokusuman",13,0,2014-03-31
"1364",27,"Brontokusuman",23,1,2014-06-09
"1365",27,"Brontokusuman",14,0,2014-04-07
"1366",27,"Brontokusuman",49,1,2014-12-08
"1367",27,"Brontokusuman",52,0,2014-12-29
"1368",27,"Brontokusuman",50,0,2014-12-15
"1369",27,"Brontokusuman",41,1,2014-10-13
"1370",27,"Brontokusuman",47,0,2014-11-24
"1371",27,"Brontokusuman",21,0,2014-05-26
"1372",27,"Brontokusuman",38,0,2014-09-22
"1373",27,"Brontokusuman",39,1,2014-09-29
"1374",27,"Brontokusuman",7,0,2014-02-17
"1375",27,"Brontokusuman",45,0,2014-11-10
"1376",27,"Brontokusuman",28,0,2014-07-14
"1377",27,"Brontokusuman",10,0,2014-03-10
"1378",27,"Brontokusuman",43,1,2014-10-27
"1379",27,"Brontokusuman",17,1,2014-04-28
"1380",27,"Brontokusuman",46,0,2014-11-17
"1381",27,"Brontokusuman",11,0,2014-03-17
"1382",27,"Brontokusuman",29,0,2014-07-21
"1383",27,"Brontokusuman",15,0,2014-04-14
"1384",27,"Brontokusuman",18,0,2014-05-05
"1385",27,"Brontokusuman",9,0,2014-03-03
"1386",27,"Brontokusuman",33,0,2014-08-18
"1387",27,"Brontokusuman",1,0,2014-01-06
"1388",27,"Brontokusuman",48,0,2014-12-01
"1389",27,"Brontokusuman",22,0,2014-06-02
"1390",27,"Brontokusuman",36,0,2014-09-08
"1391",27,"Brontokusuman",40,0,2014-10-06
"1392",27,"Brontokusuman",8,1,2014-02-24
"1393",27,"Brontokusuman",2,0,2014-01-13
"1394",27,"Brontokusuman",20,1,2014-05-19
"1395",27,"Brontokusuman",37,0,2014-09-15
"1396",27,"Brontokusuman",12,0,2014-03-24
"1397",27,"Brontokusuman",3,0,2014-01-20
"1398",27,"Brontokusuman",35,0,2014-09-01
"1399",27,"Brontokusuman",4,0,2014-01-27
"1400",27,"Brontokusuman",30,1,2014-07-28
"1401",27,"Brontokusuman",19,0,2014-05-12
"1402",27,"Brontokusuman",5,0,2014-02-03
"1403",27,"Brontokusuman",6,0,2014-02-10
"1404",27,"Brontokusuman",34,0,2014-08-25
"1405",28,"Ngampilan",21,0,2014-05-26
"1406",28,"Ngampilan",48,0,2014-12-01
"1407",28,"Ngampilan",28,1,2014-07-14
"1408",28,"Ngampilan",23,0,2014-06-09
"1409",28,"Ngampilan",49,0,2014-12-08
"1410",28,"Ngampilan",41,0,2014-10-13
"1411",28,"Ngampilan",47,0,2014-11-24
"1412",28,"Ngampilan",9,0,2014-03-03
"1413",28,"Ngampilan",39,0,2014-09-29
"1414",28,"Ngampilan",14,0,2014-04-07
"1415",28,"Ngampilan",16,0,2014-04-21
"1416",28,"Ngampilan",45,0,2014-11-10
"1417",28,"Ngampilan",22,0,2014-06-02
"1418",28,"Ngampilan",42,0,2014-10-20
"1419",28,"Ngampilan",43,0,2014-10-27
"1420",28,"Ngampilan",17,0,2014-04-28
"1421",28,"Ngampilan",26,1,2014-06-30
"1422",28,"Ngampilan",46,2,2014-11-17
"1423",28,"Ngampilan",44,1,2014-11-03
"1424",28,"Ngampilan",18,0,2014-05-05
"1425",28,"Ngampilan",3,0,2014-01-20
"1426",28,"Ngampilan",24,0,2014-06-16
"1427",28,"Ngampilan",4,0,2014-01-27
"1428",28,"Ngampilan",13,0,2014-03-31
"1429",28,"Ngampilan",33,0,2014-08-18
"1430",28,"Ngampilan",19,0,2014-05-12
"1431",28,"Ngampilan",40,0,2014-10-06
"1432",28,"Ngampilan",5,0,2014-02-03
"1433",28,"Ngampilan",8,0,2014-02-24
"1434",28,"Ngampilan",20,3,2014-05-19
"1435",28,"Ngampilan",37,0,2014-09-15
"1436",28,"Ngampilan",15,1,2014-04-14
"1437",28,"Ngampilan",6,0,2014-02-10
"1438",28,"Ngampilan",35,1,2014-09-01
"1439",28,"Ngampilan",38,0,2014-09-22
"1440",28,"Ngampilan",50,1,2014-12-15
"1441",28,"Ngampilan",7,0,2014-02-17
"1442",28,"Ngampilan",51,0,2014-12-22
"1443",28,"Ngampilan",36,0,2014-09-08
"1444",28,"Ngampilan",10,0,2014-03-10
"1445",28,"Ngampilan",34,0,2014-08-25
"1446",28,"Ngampilan",12,0,2014-03-24
"1447",28,"Ngampilan",32,0,2014-08-11
"1448",28,"Ngampilan",2,0,2014-01-13
"1449",28,"Ngampilan",29,1,2014-07-21
"1450",28,"Ngampilan",30,1,2014-07-28
"1451",28,"Ngampilan",25,0,2014-06-23
"1452",28,"Ngampilan",52,0,2014-12-29
"1453",28,"Ngampilan",27,1,2014-07-07
"1454",28,"Ngampilan",31,0,2014-08-04
"1455",28,"Ngampilan",1,0,2014-01-06
"1456",28,"Ngampilan",11,0,2014-03-17
"1457",29,"Notoprajan",40,0,2014-10-06
"1458",29,"Notoprajan",19,2,2014-05-12
"1459",29,"Notoprajan",18,0,2014-05-05
"1460",29,"Notoprajan",8,1,2014-02-24
"1461",29,"Notoprajan",23,1,2014-06-09
"1462",29,"Notoprajan",42,0,2014-10-20
"1463",29,"Notoprajan",39,0,2014-09-29
"1464",29,"Notoprajan",6,0,2014-02-10
"1465",29,"Notoprajan",9,0,2014-03-03
"1466",29,"Notoprajan",41,0,2014-10-13
"1467",29,"Notoprajan",5,0,2014-02-03
"1468",29,"Notoprajan",7,1,2014-02-17
"1469",29,"Notoprajan",16,2,2014-04-21
"1470",29,"Notoprajan",30,0,2014-07-28
"1471",29,"Notoprajan",24,0,2014-06-16
"1472",29,"Notoprajan",31,2,2014-08-04
"1473",29,"Notoprajan",34,0,2014-08-25
"1474",29,"Notoprajan",43,0,2014-10-27
"1475",29,"Notoprajan",17,3,2014-04-28
"1476",29,"Notoprajan",15,0,2014-04-14
"1477",29,"Notoprajan",32,0,2014-08-11
"1478",29,"Notoprajan",35,0,2014-09-01
"1479",29,"Notoprajan",3,0,2014-01-20
"1480",29,"Notoprajan",44,0,2014-11-03
"1481",29,"Notoprajan",4,0,2014-01-27
"1482",29,"Notoprajan",13,0,2014-03-31
"1483",29,"Notoprajan",1,0,2014-01-06
"1484",29,"Notoprajan",10,0,2014-03-10
"1485",29,"Notoprajan",45,0,2014-11-10
"1486",29,"Notoprajan",48,1,2014-12-01
"1487",29,"Notoprajan",14,0,2014-04-07
"1488",29,"Notoprajan",2,0,2014-01-13
"1489",29,"Notoprajan",20,0,2014-05-19
"1490",29,"Notoprajan",46,0,2014-11-17
"1491",29,"Notoprajan",12,0,2014-03-24
"1492",29,"Notoprajan",52,0,2014-12-29
"1493",29,"Notoprajan",38,0,2014-09-22
"1494",29,"Notoprajan",47,0,2014-11-24
"1495",29,"Notoprajan",33,0,2014-08-18
"1496",29,"Notoprajan",51,0,2014-12-22
"1497",29,"Notoprajan",36,0,2014-09-08
"1498",29,"Notoprajan",37,0,2014-09-15
"1499",29,"Notoprajan",25,0,2014-06-23
"1500",29,"Notoprajan",49,0,2014-12-08
"1501",29,"Notoprajan",28,0,2014-07-14
"1502",29,"Notoprajan",27,0,2014-07-07
"1503",29,"Notoprajan",11,0,2014-03-17
"1504",29,"Notoprajan",50,0,2014-12-15
"1505",29,"Notoprajan",29,0,2014-07-21
"1506",29,"Notoprajan",26,0,2014-06-30
"1507",29,"Notoprajan",22,2,2014-06-02
"1508",29,"Notoprajan",21,0,2014-05-26
"1509",30,"Gunungketur",6,0,2014-02-10
"1510",30,"Gunungketur",4,0,2014-01-27
"1511",30,"Gunungketur",39,0,2014-09-29
"1512",30,"Gunungketur",36,0,2014-09-08
"1513",30,"Gunungketur",31,0,2014-08-04
"1514",30,"Gunungketur",52,0,2014-12-29
"1515",30,"Gunungketur",25,0,2014-06-23
"1516",30,"Gunungketur",40,0,2014-10-06
"1517",30,"Gunungketur",33,0,2014-08-18
"1518",30,"Gunungketur",5,0,2014-02-03
"1519",30,"Gunungketur",29,0,2014-07-21
"1520",30,"Gunungketur",46,0,2014-11-17
"1521",30,"Gunungketur",32,0,2014-08-11
"1522",30,"Gunungketur",50,0,2014-12-15
"1523",30,"Gunungketur",30,0,2014-07-28
"1524",30,"Gunungketur",27,0,2014-07-07
"1525",30,"Gunungketur",1,0,2014-01-06
"1526",30,"Gunungketur",34,0,2014-08-25
"1527",30,"Gunungketur",51,0,2014-12-22
"1528",30,"Gunungketur",28,0,2014-07-14
"1529",30,"Gunungketur",19,0,2014-05-12
"1530",30,"Gunungketur",20,0,2014-05-19
"1531",30,"Gunungketur",35,0,2014-09-01
"1532",30,"Gunungketur",14,0,2014-04-07
"1533",30,"Gunungketur",17,0,2014-04-28
"1534",30,"Gunungketur",47,0,2014-11-24
"1535",30,"Gunungketur",21,0,2014-05-26
"1536",30,"Gunungketur",24,0,2014-06-16
"1537",30,"Gunungketur",15,0,2014-04-14
"1538",30,"Gunungketur",18,0,2014-05-05
"1539",30,"Gunungketur",48,0,2014-12-01
"1540",30,"Gunungketur",22,0,2014-06-02
"1541",30,"Gunungketur",13,0,2014-03-31
"1542",30,"Gunungketur",16,0,2014-04-21
"1543",30,"Gunungketur",37,0,2014-09-15
"1544",30,"Gunungketur",49,0,2014-12-08
"1545",30,"Gunungketur",26,0,2014-06-30
"1546",30,"Gunungketur",11,0,2014-03-17
"1547",30,"Gunungketur",10,0,2014-03-10
"1548",30,"Gunungketur",41,0,2014-10-13
"1549",30,"Gunungketur",3,0,2014-01-20
"1550",30,"Gunungketur",9,0,2014-03-03
"1551",30,"Gunungketur",43,0,2014-10-27
"1552",30,"Gunungketur",7,0,2014-02-17
"1553",30,"Gunungketur",42,0,2014-10-20
"1554",30,"Gunungketur",8,0,2014-02-24
"1555",30,"Gunungketur",12,0,2014-03-24
"1556",30,"Gunungketur",45,0,2014-11-10
"1557",30,"Gunungketur",23,0,2014-06-09
"1558",30,"Gunungketur",2,0,2014-01-13
"1559",30,"Gunungketur",38,0,2014-09-22
"1560",30,"Gunungketur",44,0,2014-11-03
"1561",31,"Purwokinanti",32,0,2014-08-11
"1562",31,"Purwokinanti",17,0,2014-04-28
"1563",31,"Purwokinanti",31,0,2014-08-04
"1564",31,"Purwokinanti",30,0,2014-07-28
"1565",31,"Purwokinanti",27,0,2014-07-07
"1566",31,"Purwokinanti",50,0,2014-12-15
"1567",31,"Purwokinanti",51,0,2014-12-22
"1568",31,"Purwokinanti",34,0,2014-08-25
"1569",31,"Purwokinanti",16,0,2014-04-21
"1570",31,"Purwokinanti",48,0,2014-12-01
"1571",31,"Purwokinanti",49,0,2014-12-08
"1572",31,"Purwokinanti",52,0,2014-12-29
"1573",31,"Purwokinanti",29,1,2014-07-21
"1574",31,"Purwokinanti",35,0,2014-09-01
"1575",31,"Purwokinanti",47,1,2014-11-24
"1576",31,"Purwokinanti",3,0,2014-01-20
"1577",31,"Purwokinanti",15,0,2014-04-14
"1578",31,"Purwokinanti",18,0,2014-05-05
"1579",31,"Purwokinanti",4,0,2014-01-27
"1580",31,"Purwokinanti",22,0,2014-06-02
"1581",31,"Purwokinanti",25,0,2014-06-23
"1582",31,"Purwokinanti",42,0,2014-10-20
"1583",31,"Purwokinanti",19,0,2014-05-12
"1584",31,"Purwokinanti",20,0,2014-05-19
"1585",31,"Purwokinanti",14,1,2014-04-07
"1586",31,"Purwokinanti",26,0,2014-06-30
"1587",31,"Purwokinanti",11,0,2014-03-17
"1588",31,"Purwokinanti",46,0,2014-11-17
"1589",31,"Purwokinanti",24,0,2014-06-16
"1590",31,"Purwokinanti",12,0,2014-03-24
"1591",31,"Purwokinanti",41,0,2014-10-13
"1592",31,"Purwokinanti",33,0,2014-08-18
"1593",31,"Purwokinanti",7,0,2014-02-17
"1594",31,"Purwokinanti",13,0,2014-03-31
"1595",31,"Purwokinanti",1,0,2014-01-06
"1596",31,"Purwokinanti",28,0,2014-07-14
"1597",31,"Purwokinanti",5,1,2014-02-03
"1598",31,"Purwokinanti",23,1,2014-06-09
"1599",31,"Purwokinanti",2,0,2014-01-13
"1600",31,"Purwokinanti",43,0,2014-10-27
"1601",31,"Purwokinanti",44,0,2014-11-03
"1602",31,"Purwokinanti",21,0,2014-05-26
"1603",31,"Purwokinanti",6,0,2014-02-10
"1604",31,"Purwokinanti",38,0,2014-09-22
"1605",31,"Purwokinanti",8,0,2014-02-24
"1606",31,"Purwokinanti",36,0,2014-09-08
"1607",31,"Purwokinanti",39,0,2014-09-29
"1608",31,"Purwokinanti",40,0,2014-10-06
"1609",31,"Purwokinanti",45,0,2014-11-10
"1610",31,"Purwokinanti",37,0,2014-09-15
"1611",31,"Purwokinanti",9,0,2014-03-03
"1612",31,"Purwokinanti",10,0,2014-03-10
"1613",32,"Karangwaru",32,0,2014-08-11
"1614",32,"Karangwaru",31,0,2014-08-04
"1615",32,"Karangwaru",25,0,2014-06-23
"1616",32,"Karangwaru",24,2,2014-06-16
"1617",32,"Karangwaru",49,0,2014-12-08
"1618",32,"Karangwaru",52,0,2014-12-29
"1619",32,"Karangwaru",50,0,2014-12-15
"1620",32,"Karangwaru",48,0,2014-12-01
"1621",32,"Karangwaru",27,0,2014-07-07
"1622",32,"Karangwaru",13,0,2014-03-31
"1623",32,"Karangwaru",44,0,2014-11-03
"1624",32,"Karangwaru",19,0,2014-05-12
"1625",32,"Karangwaru",51,0,2014-12-22
"1626",32,"Karangwaru",26,0,2014-06-30
"1627",32,"Karangwaru",14,0,2014-04-07
"1628",32,"Karangwaru",17,0,2014-04-28
"1629",32,"Karangwaru",47,1,2014-11-24
"1630",32,"Karangwaru",3,0,2014-01-20
"1631",32,"Karangwaru",18,0,2014-05-05
"1632",32,"Karangwaru",9,0,2014-03-03
"1633",32,"Karangwaru",33,0,2014-08-18
"1634",32,"Karangwaru",22,1,2014-06-02
"1635",32,"Karangwaru",42,0,2014-10-20
"1636",32,"Karangwaru",28,0,2014-07-14
"1637",32,"Karangwaru",10,0,2014-03-10
"1638",32,"Karangwaru",23,1,2014-06-09
"1639",32,"Karangwaru",40,0,2014-10-06
"1640",32,"Karangwaru",43,1,2014-10-27
"1641",32,"Karangwaru",11,1,2014-03-17
"1642",32,"Karangwaru",29,0,2014-07-21
"1643",32,"Karangwaru",15,0,2014-04-14
"1644",32,"Karangwaru",38,0,2014-09-22
"1645",32,"Karangwaru",35,0,2014-09-01
"1646",32,"Karangwaru",1,0,2014-01-06
"1647",32,"Karangwaru",39,1,2014-09-29
"1648",32,"Karangwaru",7,0,2014-02-17
"1649",32,"Karangwaru",16,0,2014-04-21
"1650",32,"Karangwaru",37,0,2014-09-15
"1651",32,"Karangwaru",45,0,2014-11-10
"1652",32,"Karangwaru",20,1,2014-05-19
"1653",32,"Karangwaru",2,0,2014-01-13
"1654",32,"Karangwaru",8,0,2014-02-24
"1655",32,"Karangwaru",6,0,2014-02-10
"1656",32,"Karangwaru",21,1,2014-05-26
"1657",32,"Karangwaru",41,0,2014-10-13
"1658",32,"Karangwaru",12,0,2014-03-24
"1659",32,"Karangwaru",4,0,2014-01-27
"1660",32,"Karangwaru",30,0,2014-07-28
"1661",32,"Karangwaru",34,0,2014-08-25
"1662",32,"Karangwaru",36,0,2014-09-08
"1663",32,"Karangwaru",5,0,2014-02-03
"1664",32,"Karangwaru",46,0,2014-11-17
"1665",33,"Kricak",26,0,2014-06-30
"1666",33,"Kricak",3,0,2014-01-20
"1667",33,"Kricak",18,0,2014-05-05
"1668",33,"Kricak",48,0,2014-12-01
"1669",33,"Kricak",14,0,2014-04-07
"1670",33,"Kricak",47,0,2014-11-24
"1671",33,"Kricak",23,0,2014-06-09
"1672",33,"Kricak",41,0,2014-10-13
"1673",33,"Kricak",24,0,2014-06-16
"1674",33,"Kricak",13,0,2014-03-31
"1675",33,"Kricak",15,0,2014-04-14
"1676",33,"Kricak",16,0,2014-04-21
"1677",33,"Kricak",28,1,2014-07-14
"1678",33,"Kricak",22,0,2014-06-02
"1679",33,"Kricak",39,0,2014-09-29
"1680",33,"Kricak",40,0,2014-10-06
"1681",33,"Kricak",43,0,2014-10-27
"1682",33,"Kricak",49,0,2014-12-08
"1683",33,"Kricak",5,0,2014-02-03
"1684",33,"Kricak",21,0,2014-05-26
"1685",33,"Kricak",9,0,2014-03-03
"1686",33,"Kricak",44,0,2014-11-03
"1687",33,"Kricak",4,0,2014-01-27
"1688",33,"Kricak",7,0,2014-02-17
"1689",33,"Kricak",42,0,2014-10-20
"1690",33,"Kricak",1,0,2014-01-06
"1691",33,"Kricak",19,0,2014-05-12
"1692",33,"Kricak",31,0,2014-08-04
"1693",33,"Kricak",8,0,2014-02-24
"1694",33,"Kricak",2,0,2014-01-13
"1695",33,"Kricak",17,0,2014-04-28
"1696",33,"Kricak",29,0,2014-07-21
"1697",33,"Kricak",6,0,2014-02-10
"1698",33,"Kricak",12,0,2014-03-24
"1699",33,"Kricak",38,1,2014-09-22
"1700",33,"Kricak",27,0,2014-07-07
"1701",33,"Kricak",30,1,2014-07-28
"1702",33,"Kricak",33,1,2014-08-18
"1703",33,"Kricak",20,0,2014-05-19
"1704",33,"Kricak",10,0,2014-03-10
"1705",33,"Kricak",25,0,2014-06-23
"1706",33,"Kricak",34,0,2014-08-25
"1707",33,"Kricak",35,1,2014-09-01
"1708",33,"Kricak",37,0,2014-09-15
"1709",33,"Kricak",11,2,2014-03-17
"1710",33,"Kricak",32,0,2014-08-11
"1711",33,"Kricak",46,0,2014-11-17
"1712",33,"Kricak",52,0,2014-12-29
"1713",33,"Kricak",36,0,2014-09-08
"1714",33,"Kricak",50,0,2014-12-15
"1715",33,"Kricak",51,1,2014-12-22
"1716",33,"Kricak",45,2,2014-11-10
"1717",34,"Bener",4,0,2014-01-27
"1718",34,"Bener",41,0,2014-10-13
"1719",34,"Bener",39,0,2014-09-29
"1720",34,"Bener",42,0,2014-10-20
"1721",34,"Bener",40,0,2014-10-06
"1722",34,"Bener",5,0,2014-02-03
"1723",34,"Bener",31,0,2014-08-04
"1724",34,"Bener",32,0,2014-08-11
"1725",34,"Bener",49,0,2014-12-08
"1726",34,"Bener",52,0,2014-12-29
"1727",34,"Bener",44,0,2014-11-03
"1728",34,"Bener",30,0,2014-07-28
"1729",34,"Bener",33,0,2014-08-18
"1730",34,"Bener",24,0,2014-06-16
"1731",34,"Bener",28,0,2014-07-14
"1732",34,"Bener",1,0,2014-01-06
"1733",34,"Bener",22,0,2014-06-02
"1734",34,"Bener",25,0,2014-06-23
"1735",34,"Bener",43,0,2014-10-27
"1736",34,"Bener",29,0,2014-07-21
"1737",34,"Bener",20,0,2014-05-19
"1738",34,"Bener",35,0,2014-09-01
"1739",34,"Bener",11,0,2014-03-17
"1740",34,"Bener",38,0,2014-09-22
"1741",34,"Bener",12,0,2014-03-24
"1742",34,"Bener",21,0,2014-05-26
"1743",34,"Bener",3,0,2014-01-20
"1744",34,"Bener",36,0,2014-09-08
"1745",34,"Bener",27,0,2014-07-07
"1746",34,"Bener",34,0,2014-08-25
"1747",34,"Bener",48,0,2014-12-01
"1748",34,"Bener",51,0,2014-12-22
"1749",34,"Bener",37,0,2014-09-15
"1750",34,"Bener",19,0,2014-05-12
"1751",34,"Bener",23,0,2014-06-09
"1752",34,"Bener",26,0,2014-06-30
"1753",34,"Bener",17,0,2014-04-28
"1754",34,"Bener",6,0,2014-02-10
"1755",34,"Bener",15,0,2014-04-14
"1756",34,"Bener",16,0,2014-04-21
"1757",34,"Bener",50,0,2014-12-15
"1758",34,"Bener",9,0,2014-03-03
"1759",34,"Bener",13,0,2014-03-31
"1760",34,"Bener",2,0,2014-01-13
"1761",34,"Bener",10,0,2014-03-10
"1762",34,"Bener",8,0,2014-02-24
"1763",34,"Bener",47,0,2014-11-24
"1764",34,"Bener",45,0,2014-11-10
"1765",34,"Bener",14,0,2014-04-07
"1766",34,"Bener",46,0,2014-11-17
"1767",34,"Bener",7,0,2014-02-17
"1768",34,"Bener",18,0,2014-05-05
"1769",35,"Tegalrejo",39,0,2014-09-29
"1770",35,"Tegalrejo",33,0,2014-08-18
"1771",35,"Tegalrejo",25,1,2014-06-23
"1772",35,"Tegalrejo",40,0,2014-10-06
"1773",35,"Tegalrejo",30,0,2014-07-28
"1774",35,"Tegalrejo",49,0,2014-12-08
"1775",35,"Tegalrejo",52,0,2014-12-29
"1776",35,"Tegalrejo",37,0,2014-09-15
"1777",35,"Tegalrejo",21,1,2014-05-26
"1778",35,"Tegalrejo",22,0,2014-06-02
"1779",35,"Tegalrejo",36,0,2014-09-08
"1780",35,"Tegalrejo",11,1,2014-03-17
"1781",35,"Tegalrejo",29,0,2014-07-21
"1782",35,"Tegalrejo",41,0,2014-10-13
"1783",35,"Tegalrejo",48,0,2014-12-01
"1784",35,"Tegalrejo",50,0,2014-12-15
"1785",35,"Tegalrejo",38,1,2014-09-22
"1786",35,"Tegalrejo",28,0,2014-07-14
"1787",35,"Tegalrejo",35,0,2014-09-01
"1788",35,"Tegalrejo",34,0,2014-08-25
"1789",35,"Tegalrejo",51,1,2014-12-22
"1790",35,"Tegalrejo",19,1,2014-05-12
"1791",35,"Tegalrejo",31,1,2014-08-04
"1792",35,"Tegalrejo",23,0,2014-06-09
"1793",35,"Tegalrejo",26,0,2014-06-30
"1794",35,"Tegalrejo",46,1,2014-11-17
"1795",35,"Tegalrejo",4,0,2014-01-27
"1796",35,"Tegalrejo",24,1,2014-06-16
"1797",35,"Tegalrejo",47,0,2014-11-24
"1798",35,"Tegalrejo",27,0,2014-07-07
"1799",35,"Tegalrejo",10,0,2014-03-10
"1800",35,"Tegalrejo",7,0,2014-02-17
"1801",35,"Tegalrejo",13,0,2014-03-31
"1802",35,"Tegalrejo",16,0,2014-04-21
"1803",35,"Tegalrejo",17,0,2014-04-28
"1804",35,"Tegalrejo",32,0,2014-08-11
"1805",35,"Tegalrejo",2,0,2014-01-13
"1806",35,"Tegalrejo",14,1,2014-04-07
"1807",35,"Tegalrejo",6,0,2014-02-10
"1808",35,"Tegalrejo",18,0,2014-05-05
"1809",35,"Tegalrejo",3,0,2014-01-20
"1810",35,"Tegalrejo",15,2,2014-04-14
"1811",35,"Tegalrejo",8,0,2014-02-24
"1812",35,"Tegalrejo",43,0,2014-10-27
"1813",35,"Tegalrejo",1,1,2014-01-06
"1814",35,"Tegalrejo",42,0,2014-10-20
"1815",35,"Tegalrejo",12,0,2014-03-24
"1816",35,"Tegalrejo",20,1,2014-05-19
"1817",35,"Tegalrejo",5,0,2014-02-03
"1818",35,"Tegalrejo",9,1,2014-03-03
"1819",35,"Tegalrejo",44,0,2014-11-03
"1820",35,"Tegalrejo",45,0,2014-11-10
"1821",36,"Pandeyan",35,0,2014-09-01
"1822",36,"Pandeyan",30,0,2014-07-28
"1823",36,"Pandeyan",25,0,2014-06-23
"1824",36,"Pandeyan",34,0,2014-08-25
"1825",36,"Pandeyan",50,0,2014-12-15
"1826",36,"Pandeyan",11,0,2014-03-17
"1827",36,"Pandeyan",31,1,2014-08-04
"1828",36,"Pandeyan",22,0,2014-06-02
"1829",36,"Pandeyan",48,0,2014-12-01
"1830",36,"Pandeyan",21,1,2014-05-26
"1831",36,"Pandeyan",29,0,2014-07-21
"1832",36,"Pandeyan",23,0,2014-06-09
"1833",36,"Pandeyan",32,0,2014-08-11
"1834",36,"Pandeyan",49,0,2014-12-08
"1835",36,"Pandeyan",52,0,2014-12-29
"1836",36,"Pandeyan",24,0,2014-06-16
"1837",36,"Pandeyan",47,0,2014-11-24
"1838",36,"Pandeyan",27,0,2014-07-07
"1839",36,"Pandeyan",33,0,2014-08-18
"1840",36,"Pandeyan",28,0,2014-07-14
"1841",36,"Pandeyan",13,0,2014-03-31
"1842",36,"Pandeyan",16,0,2014-04-21
"1843",36,"Pandeyan",51,0,2014-12-22
"1844",36,"Pandeyan",19,0,2014-05-12
"1845",36,"Pandeyan",20,0,2014-05-19
"1846",36,"Pandeyan",26,0,2014-06-30
"1847",36,"Pandeyan",17,0,2014-04-28
"1848",36,"Pandeyan",46,0,2014-11-17
"1849",36,"Pandeyan",3,0,2014-01-20
"1850",36,"Pandeyan",15,0,2014-04-14
"1851",36,"Pandeyan",6,0,2014-02-10
"1852",36,"Pandeyan",18,1,2014-05-05
"1853",36,"Pandeyan",36,0,2014-09-08
"1854",36,"Pandeyan",1,0,2014-01-06
"1855",36,"Pandeyan",7,0,2014-02-17
"1856",36,"Pandeyan",10,0,2014-03-10
"1857",36,"Pandeyan",45,0,2014-11-10
"1858",36,"Pandeyan",37,0,2014-09-15
"1859",36,"Pandeyan",14,0,2014-04-07
"1860",36,"Pandeyan",8,0,2014-02-24
"1861",36,"Pandeyan",43,0,2014-10-27
"1862",36,"Pandeyan",44,0,2014-11-03
"1863",36,"Pandeyan",12,0,2014-03-24
"1864",36,"Pandeyan",38,1,2014-09-22
"1865",36,"Pandeyan",9,2,2014-03-03
"1866",36,"Pandeyan",41,0,2014-10-13
"1867",36,"Pandeyan",4,0,2014-01-27
"1868",36,"Pandeyan",39,1,2014-09-29
"1869",36,"Pandeyan",42,0,2014-10-20
"1870",36,"Pandeyan",2,0,2014-01-13
"1871",36,"Pandeyan",40,1,2014-10-06
"1872",36,"Pandeyan",5,0,2014-02-03
"1873",37,"Sorosutan",35,0,2014-09-01
"1874",37,"Sorosutan",51,0,2014-12-22
"1875",37,"Sorosutan",34,0,2014-08-25
"1876",37,"Sorosutan",23,0,2014-06-09
"1877",37,"Sorosutan",21,1,2014-05-26
"1878",37,"Sorosutan",32,0,2014-08-11
"1879",37,"Sorosutan",50,0,2014-12-15
"1880",37,"Sorosutan",33,0,2014-08-18
"1881",37,"Sorosutan",3,0,2014-01-20
"1882",37,"Sorosutan",22,0,2014-06-02
"1883",37,"Sorosutan",48,0,2014-12-01
"1884",37,"Sorosutan",10,2,2014-03-10
"1885",37,"Sorosutan",31,1,2014-08-04
"1886",37,"Sorosutan",20,0,2014-05-19
"1887",37,"Sorosutan",14,0,2014-04-07
"1888",37,"Sorosutan",17,1,2014-04-28
"1889",37,"Sorosutan",26,0,2014-06-30
"1890",37,"Sorosutan",15,0,2014-04-14
"1891",37,"Sorosutan",30,0,2014-07-28
"1892",37,"Sorosutan",9,0,2014-03-03
"1893",37,"Sorosutan",18,0,2014-05-05
"1894",37,"Sorosutan",4,0,2014-01-27
"1895",37,"Sorosutan",13,1,2014-03-31
"1896",37,"Sorosutan",16,0,2014-04-21
"1897",37,"Sorosutan",28,2,2014-07-14
"1898",37,"Sorosutan",19,0,2014-05-12
"1899",37,"Sorosutan",5,1,2014-02-03
"1900",37,"Sorosutan",8,0,2014-02-24
"1901",37,"Sorosutan",29,1,2014-07-21
"1902",37,"Sorosutan",11,0,2014-03-17
"1903",37,"Sorosutan",12,0,2014-03-24
"1904",37,"Sorosutan",47,1,2014-11-24
"1905",37,"Sorosutan",41,0,2014-10-13
"1906",37,"Sorosutan",44,0,2014-11-03
"1907",37,"Sorosutan",36,0,2014-09-08
"1908",37,"Sorosutan",7,0,2014-02-17
"1909",37,"Sorosutan",42,0,2014-10-20
"1910",37,"Sorosutan",43,0,2014-10-27
"1911",37,"Sorosutan",45,0,2014-11-10
"1912",37,"Sorosutan",37,0,2014-09-15
"1913",37,"Sorosutan",2,0,2014-01-13
"1914",37,"Sorosutan",1,0,2014-01-06
"1915",37,"Sorosutan",49,0,2014-12-08
"1916",37,"Sorosutan",52,0,2014-12-29
"1917",37,"Sorosutan",6,3,2014-02-10
"1918",37,"Sorosutan",40,0,2014-10-06
"1919",37,"Sorosutan",24,1,2014-06-16
"1920",37,"Sorosutan",39,0,2014-09-29
"1921",37,"Sorosutan",38,0,2014-09-22
"1922",37,"Sorosutan",25,0,2014-06-23
"1923",37,"Sorosutan",27,1,2014-07-07
"1924",37,"Sorosutan",46,0,2014-11-17
"1925",38,"Giwangan",41,0,2014-10-13
"1926",38,"Giwangan",42,0,2014-10-20
"1927",38,"Giwangan",48,0,2014-12-01
"1928",38,"Giwangan",40,0,2014-10-06
"1929",38,"Giwangan",43,0,2014-10-27
"1930",38,"Giwangan",4,0,2014-01-27
"1931",38,"Giwangan",38,1,2014-09-22
"1932",38,"Giwangan",11,0,2014-03-17
"1933",38,"Giwangan",44,0,2014-11-03
"1934",38,"Giwangan",47,0,2014-11-24
"1935",38,"Giwangan",39,0,2014-09-29
"1936",38,"Giwangan",30,0,2014-07-28
"1937",38,"Giwangan",33,0,2014-08-18
"1938",38,"Giwangan",1,0,2014-01-06
"1939",38,"Giwangan",28,0,2014-07-14
"1940",38,"Giwangan",37,0,2014-09-15
"1941",38,"Giwangan",22,0,2014-06-02
"1942",38,"Giwangan",5,0,2014-02-03
"1943",38,"Giwangan",2,1,2014-01-13
"1944",38,"Giwangan",29,1,2014-07-21
"1945",38,"Giwangan",32,0,2014-08-11
"1946",38,"Giwangan",35,0,2014-09-01
"1947",38,"Giwangan",26,0,2014-06-30
"1948",38,"Giwangan",3,0,2014-01-20
"1949",38,"Giwangan",15,1,2014-04-14
"1950",38,"Giwangan",21,0,2014-05-26
"1951",38,"Giwangan",27,0,2014-07-07
"1952",38,"Giwangan",7,1,2014-02-17
"1953",38,"Giwangan",31,0,2014-08-04
"1954",38,"Giwangan",34,0,2014-08-25
"1955",38,"Giwangan",25,0,2014-06-23
"1956",38,"Giwangan",49,1,2014-12-08
"1957",38,"Giwangan",8,0,2014-02-24
"1958",38,"Giwangan",52,0,2014-12-29
"1959",38,"Giwangan",23,0,2014-06-09
"1960",38,"Giwangan",14,0,2014-04-07
"1961",38,"Giwangan",6,0,2014-02-10
"1962",38,"Giwangan",36,0,2014-09-08
"1963",38,"Giwangan",9,0,2014-03-03
"1964",38,"Giwangan",24,0,2014-06-16
"1965",38,"Giwangan",45,0,2014-11-10
"1966",38,"Giwangan",51,0,2014-12-22
"1967",38,"Giwangan",10,0,2014-03-10
"1968",38,"Giwangan",16,0,2014-04-21
"1969",38,"Giwangan",19,0,2014-05-12
"1970",38,"Giwangan",46,0,2014-11-17
"1971",38,"Giwangan",20,0,2014-05-19
"1972",38,"Giwangan",13,0,2014-03-31
"1973",38,"Giwangan",17,1,2014-04-28
"1974",38,"Giwangan",12,0,2014-03-24
"1975",38,"Giwangan",50,0,2014-12-15
"1976",38,"Giwangan",18,0,2014-05-05
"1977",39,"Warungboto",41,0,2014-10-13
"1978",39,"Warungboto",33,0,2014-08-18
"1979",39,"Warungboto",45,0,2014-11-10
"1980",39,"Warungboto",11,2,2014-03-17
"1981",39,"Warungboto",40,0,2014-10-06
"1982",39,"Warungboto",43,0,2014-10-27
"1983",39,"Warungboto",5,0,2014-02-03
"1984",39,"Warungboto",42,0,2014-10-20
"1985",39,"Warungboto",32,0,2014-08-11
"1986",39,"Warungboto",35,0,2014-09-01
"1987",39,"Warungboto",44,0,2014-11-03
"1988",39,"Warungboto",38,0,2014-09-22
"1989",39,"Warungboto",30,0,2014-07-28
"1990",39,"Warungboto",21,1,2014-05-26
"1991",39,"Warungboto",4,0,2014-01-27
"1992",39,"Warungboto",27,0,2014-07-07
"1993",39,"Warungboto",37,0,2014-09-15
"1994",39,"Warungboto",10,0,2014-03-10
"1995",39,"Warungboto",22,1,2014-06-02
"1996",39,"Warungboto",25,0,2014-06-23
"1997",39,"Warungboto",19,0,2014-05-12
"1998",39,"Warungboto",29,0,2014-07-21
"1999",39,"Warungboto",23,0,2014-06-09
"2000",39,"Warungboto",26,0,2014-06-30
"2001",39,"Warungboto",39,0,2014-09-29
"2002",39,"Warungboto",36,0,2014-09-08
"2003",39,"Warungboto",9,0,2014-03-03
"2004",39,"Warungboto",24,0,2014-06-16
"2005",39,"Warungboto",50,0,2014-12-15
"2006",39,"Warungboto",7,1,2014-02-17
"2007",39,"Warungboto",31,0,2014-08-04
"2008",39,"Warungboto",34,0,2014-08-25
"2009",39,"Warungboto",16,1,2014-04-21
"2010",39,"Warungboto",51,0,2014-12-22
"2011",39,"Warungboto",8,0,2014-02-24
"2012",39,"Warungboto",20,0,2014-05-19
"2013",39,"Warungboto",14,1,2014-04-07
"2014",39,"Warungboto",17,0,2014-04-28
"2015",39,"Warungboto",6,0,2014-02-10
"2016",39,"Warungboto",12,2,2014-03-24
"2017",39,"Warungboto",3,0,2014-01-20
"2018",39,"Warungboto",48,0,2014-12-01
"2019",39,"Warungboto",18,1,2014-05-05
"2020",39,"Warungboto",28,1,2014-07-14
"2021",39,"Warungboto",13,1,2014-03-31
"2022",39,"Warungboto",2,0,2014-01-13
"2023",39,"Warungboto",49,0,2014-12-08
"2024",39,"Warungboto",46,1,2014-11-17
"2025",39,"Warungboto",15,2,2014-04-14
"2026",39,"Warungboto",47,0,2014-11-24
"2027",39,"Warungboto",52,0,2014-12-29
"2028",39,"Warungboto",1,0,2014-01-06
"2029",40,"Mujamuju",38,0,2014-09-22
"2030",40,"Mujamuju",30,0,2014-07-28
"2031",40,"Mujamuju",40,1,2014-10-06
"2032",40,"Mujamuju",27,0,2014-07-07
"2033",40,"Mujamuju",42,0,2014-10-20
"2034",40,"Mujamuju",39,0,2014-09-29
"2035",40,"Mujamuju",24,0,2014-06-16
"2036",40,"Mujamuju",34,0,2014-08-25
"2037",40,"Mujamuju",25,0,2014-06-23
"2038",40,"Mujamuju",29,0,2014-07-21
"2039",40,"Mujamuju",31,0,2014-08-04
"2040",40,"Mujamuju",26,0,2014-06-30
"2041",40,"Mujamuju",32,0,2014-08-11
"2042",40,"Mujamuju",41,0,2014-10-13
"2043",40,"Mujamuju",11,0,2014-03-17
"2044",40,"Mujamuju",3,0,2014-01-20
"2045",40,"Mujamuju",6,0,2014-02-10
"2046",40,"Mujamuju",18,0,2014-05-05
"2047",40,"Mujamuju",28,0,2014-07-14
"2048",40,"Mujamuju",37,0,2014-09-15
"2049",40,"Mujamuju",22,1,2014-06-02
"2050",40,"Mujamuju",51,1,2014-12-22
"2051",40,"Mujamuju",43,0,2014-10-27
"2052",40,"Mujamuju",23,1,2014-06-09
"2053",40,"Mujamuju",14,0,2014-04-07
"2054",40,"Mujamuju",17,1,2014-04-28
"2055",40,"Mujamuju",35,0,2014-09-01
"2056",40,"Mujamuju",21,0,2014-05-26
"2057",40,"Mujamuju",15,0,2014-04-14
"2058",40,"Mujamuju",9,1,2014-03-03
"2059",40,"Mujamuju",50,0,2014-12-15
"2060",40,"Mujamuju",33,0,2014-08-18
"2061",40,"Mujamuju",13,0,2014-03-31
"2062",40,"Mujamuju",16,0,2014-04-21
"2063",40,"Mujamuju",7,0,2014-02-17
"2064",40,"Mujamuju",19,3,2014-05-12
"2065",40,"Mujamuju",20,0,2014-05-19
"2066",40,"Mujamuju",2,0,2014-01-13
"2067",40,"Mujamuju",49,0,2014-12-08
"2068",40,"Mujamuju",52,0,2014-12-29
"2069",40,"Mujamuju",44,0,2014-11-03
"2070",40,"Mujamuju",36,1,2014-09-08
"2071",40,"Mujamuju",47,0,2014-11-24
"2072",40,"Mujamuju",46,2,2014-11-17
"2073",40,"Mujamuju",8,1,2014-02-24
"2074",40,"Mujamuju",1,0,2014-01-06
"2075",40,"Mujamuju",10,0,2014-03-10
"2076",40,"Mujamuju",48,1,2014-12-01
"2077",40,"Mujamuju",5,0,2014-02-03
"2078",40,"Mujamuju",4,0,2014-01-27
"2079",40,"Mujamuju",12,0,2014-03-24
"2080",40,"Mujamuju",45,0,2014-11-10
"2081",41,"Semaki",39,0,2014-09-29
"2082",41,"Semaki",40,0,2014-10-06
"2083",41,"Semaki",20,1,2014-05-19
"2084",41,"Semaki",31,0,2014-08-04
"2085",41,"Semaki",42,0,2014-10-20
"2086",41,"Semaki",32,0,2014-08-11
"2087",41,"Semaki",33,0,2014-08-18
"2088",41,"Semaki",21,1,2014-05-26
"2089",41,"Semaki",22,0,2014-06-02
"2090",41,"Semaki",30,1,2014-07-28
"2091",41,"Semaki",34,0,2014-08-25
"2092",41,"Semaki",43,0,2014-10-27
"2093",41,"Semaki",3,0,2014-01-20
"2094",41,"Semaki",16,0,2014-04-21
"2095",41,"Semaki",17,0,2014-04-28
"2096",41,"Semaki",35,0,2014-09-01
"2097",41,"Semaki",28,0,2014-07-14
"2098",41,"Semaki",11,0,2014-03-17
"2099",41,"Semaki",36,0,2014-09-08
"2100",41,"Semaki",18,0,2014-05-05
"2101",41,"Semaki",15,1,2014-04-14
"2102",41,"Semaki",6,0,2014-02-10
"2103",41,"Semaki",10,0,2014-03-10
"2104",41,"Semaki",37,0,2014-09-15
"2105",41,"Semaki",19,0,2014-05-12
"2106",41,"Semaki",13,2,2014-03-31
"2107",41,"Semaki",14,1,2014-04-07
"2108",41,"Semaki",49,0,2014-12-08
"2109",41,"Semaki",38,0,2014-09-22
"2110",41,"Semaki",29,0,2014-07-21
"2111",41,"Semaki",9,0,2014-03-03
"2112",41,"Semaki",50,0,2014-12-15
"2113",41,"Semaki",51,0,2014-12-22
"2114",41,"Semaki",12,0,2014-03-24
"2115",41,"Semaki",1,0,2014-01-06
"2116",41,"Semaki",48,0,2014-12-01
"2117",41,"Semaki",8,0,2014-02-24
"2118",41,"Semaki",23,0,2014-06-09
"2119",41,"Semaki",2,0,2014-01-13
"2120",41,"Semaki",46,0,2014-11-17
"2121",41,"Semaki",7,0,2014-02-17
"2122",41,"Semaki",45,0,2014-11-10
"2123",41,"Semaki",41,0,2014-10-13
"2124",41,"Semaki",47,1,2014-11-24
"2125",41,"Semaki",5,0,2014-02-03
"2126",41,"Semaki",24,0,2014-06-16
"2127",41,"Semaki",4,0,2014-01-27
"2128",41,"Semaki",44,0,2014-11-03
"2129",41,"Semaki",52,0,2014-12-29
"2130",41,"Semaki",25,0,2014-06-23
"2131",41,"Semaki",27,0,2014-07-07
"2132",41,"Semaki",26,0,2014-06-30
"2133",42,"Tahunan",4,0,2014-01-27
"2134",42,"Tahunan",35,0,2014-09-01
"2135",42,"Tahunan",48,2,2014-12-01
"2136",42,"Tahunan",51,0,2014-12-22
"2137",42,"Tahunan",50,0,2014-12-15
"2138",42,"Tahunan",46,0,2014-11-17
"2139",42,"Tahunan",38,0,2014-09-22
"2140",42,"Tahunan",41,0,2014-10-13
"2141",42,"Tahunan",47,0,2014-11-24
"2142",42,"Tahunan",44,0,2014-11-03
"2143",42,"Tahunan",45,0,2014-11-10
"2144",42,"Tahunan",27,0,2014-07-07
"2145",42,"Tahunan",1,0,2014-01-06
"2146",42,"Tahunan",28,0,2014-07-14
"2147",42,"Tahunan",37,0,2014-09-15
"2148",42,"Tahunan",19,1,2014-05-12
"2149",42,"Tahunan",49,1,2014-12-08
"2150",42,"Tahunan",2,0,2014-01-13
"2151",42,"Tahunan",29,0,2014-07-21
"2152",42,"Tahunan",32,0,2014-08-11
"2153",42,"Tahunan",26,0,2014-06-30
"2154",42,"Tahunan",12,0,2014-03-24
"2155",42,"Tahunan",3,0,2014-01-20
"2156",42,"Tahunan",39,0,2014-09-29
"2157",42,"Tahunan",42,0,2014-10-20
"2158",42,"Tahunan",33,0,2014-08-18
"2159",42,"Tahunan",13,0,2014-03-31
"2160",42,"Tahunan",31,0,2014-08-04
"2161",42,"Tahunan",40,0,2014-10-06
"2162",42,"Tahunan",43,0,2014-10-27
"2163",42,"Tahunan",5,0,2014-02-03
"2164",42,"Tahunan",14,1,2014-04-07
"2165",42,"Tahunan",17,0,2014-04-28
"2166",42,"Tahunan",23,0,2014-06-09
"2167",42,"Tahunan",21,1,2014-05-26
"2168",42,"Tahunan",15,2,2014-04-14
"2169",42,"Tahunan",36,0,2014-09-08
"2170",42,"Tahunan",18,2,2014-05-05
"2171",42,"Tahunan",22,0,2014-06-02
"2172",42,"Tahunan",7,0,2014-02-17
"2173",42,"Tahunan",16,0,2014-04-21
"2174",42,"Tahunan",34,1,2014-08-25
"2175",42,"Tahunan",20,1,2014-05-19
"2176",42,"Tahunan",52,0,2014-12-29
"2177",42,"Tahunan",8,0,2014-02-24
"2178",42,"Tahunan",11,0,2014-03-17
"2179",42,"Tahunan",30,0,2014-07-28
"2180",42,"Tahunan",9,1,2014-03-03
"2181",42,"Tahunan",6,0,2014-02-10
"2182",42,"Tahunan",24,0,2014-06-16
"2183",42,"Tahunan",10,1,2014-03-10
"2184",42,"Tahunan",25,0,2014-06-23
"2185",43,"Patangpuluhan",26,0,2014-06-30
"2186",43,"Patangpuluhan",50,0,2014-12-15
"2187",43,"Patangpuluhan",48,0,2014-12-01
"2188",43,"Patangpuluhan",28,0,2014-07-14
"2189",43,"Patangpuluhan",46,0,2014-11-17
"2190",43,"Patangpuluhan",49,0,2014-12-08
"2191",43,"Patangpuluhan",47,0,2014-11-24
"2192",43,"Patangpuluhan",35,0,2014-09-01
"2193",43,"Patangpuluhan",11,0,2014-03-17
"2194",43,"Patangpuluhan",41,1,2014-10-13
"2195",43,"Patangpuluhan",15,0,2014-04-14
"2196",43,"Patangpuluhan",39,0,2014-09-29
"2197",43,"Patangpuluhan",42,0,2014-10-20
"2198",43,"Patangpuluhan",27,0,2014-07-07
"2199",43,"Patangpuluhan",4,0,2014-01-27
"2200",43,"Patangpuluhan",13,1,2014-03-31
"2201",43,"Patangpuluhan",37,0,2014-09-15
"2202",43,"Patangpuluhan",19,0,2014-05-12
"2203",43,"Patangpuluhan",43,0,2014-10-27
"2204",43,"Patangpuluhan",5,0,2014-02-03
"2205",43,"Patangpuluhan",38,1,2014-09-22
"2206",43,"Patangpuluhan",32,0,2014-08-11
"2207",43,"Patangpuluhan",23,0,2014-06-09
"2208",43,"Patangpuluhan",12,1,2014-03-24
"2209",43,"Patangpuluhan",6,0,2014-02-10
"2210",43,"Patangpuluhan",45,0,2014-11-10
"2211",43,"Patangpuluhan",33,1,2014-08-18
"2212",43,"Patangpuluhan",51,0,2014-12-22
"2213",43,"Patangpuluhan",7,0,2014-02-17
"2214",43,"Patangpuluhan",16,0,2014-04-21
"2215",43,"Patangpuluhan",40,0,2014-10-06
"2216",43,"Patangpuluhan",22,0,2014-06-02
"2217",43,"Patangpuluhan",52,0,2014-12-29
"2218",43,"Patangpuluhan",29,0,2014-07-21
"2219",43,"Patangpuluhan",44,0,2014-11-03
"2220",43,"Patangpuluhan",17,0,2014-04-28
"2221",43,"Patangpuluhan",24,0,2014-06-16
"2222",43,"Patangpuluhan",25,0,2014-06-23
"2223",43,"Patangpuluhan",30,0,2014-07-28
"2224",43,"Patangpuluhan",18,0,2014-05-05
"2225",43,"Patangpuluhan",34,0,2014-08-25
"2226",43,"Patangpuluhan",3,0,2014-01-20
"2227",43,"Patangpuluhan",1,0,2014-01-06
"2228",43,"Patangpuluhan",10,2,2014-03-10
"2229",43,"Patangpuluhan",2,1,2014-01-13
"2230",43,"Patangpuluhan",9,0,2014-03-03
"2231",43,"Patangpuluhan",8,0,2014-02-24
"2232",43,"Patangpuluhan",20,1,2014-05-19
"2233",43,"Patangpuluhan",21,0,2014-05-26
"2234",43,"Patangpuluhan",36,0,2014-09-08
"2235",43,"Patangpuluhan",31,0,2014-08-04
"2236",43,"Patangpuluhan",14,1,2014-04-07
"2237",44,"Wirobrajan",35,0,2014-09-01
"2238",44,"Wirobrajan",47,0,2014-11-24
"2239",44,"Wirobrajan",27,0,2014-07-07
"2240",44,"Wirobrajan",39,0,2014-09-29
"2241",44,"Wirobrajan",48,0,2014-12-01
"2242",44,"Wirobrajan",11,0,2014-03-17
"2243",44,"Wirobrajan",19,0,2014-05-12
"2244",44,"Wirobrajan",40,1,2014-10-06
"2245",44,"Wirobrajan",26,1,2014-06-30
"2246",44,"Wirobrajan",46,2,2014-11-17
"2247",44,"Wirobrajan",23,0,2014-06-09
"2248",44,"Wirobrajan",32,1,2014-08-11
"2249",44,"Wirobrajan",50,2,2014-12-15
"2250",44,"Wirobrajan",38,1,2014-09-22
"2251",44,"Wirobrajan",45,1,2014-11-10
"2252",44,"Wirobrajan",24,0,2014-06-16
"2253",44,"Wirobrajan",42,1,2014-10-20
"2254",44,"Wirobrajan",51,1,2014-12-22
"2255",44,"Wirobrajan",37,1,2014-09-15
"2256",44,"Wirobrajan",31,0,2014-08-04
"2257",44,"Wirobrajan",34,0,2014-08-25
"2258",44,"Wirobrajan",43,1,2014-10-27
"2259",44,"Wirobrajan",44,0,2014-11-03
"2260",44,"Wirobrajan",17,0,2014-04-28
"2261",44,"Wirobrajan",14,0,2014-04-07
"2262",44,"Wirobrajan",6,0,2014-02-10
"2263",44,"Wirobrajan",30,1,2014-07-28
"2264",44,"Wirobrajan",21,0,2014-05-26
"2265",44,"Wirobrajan",18,0,2014-05-05
"2266",44,"Wirobrajan",22,0,2014-06-02
"2267",44,"Wirobrajan",33,1,2014-08-18
"2268",44,"Wirobrajan",28,0,2014-07-14
"2269",44,"Wirobrajan",10,0,2014-03-10
"2270",44,"Wirobrajan",8,1,2014-02-24
"2271",44,"Wirobrajan",25,0,2014-06-23
"2272",44,"Wirobrajan",29,0,2014-07-21
"2273",44,"Wirobrajan",20,0,2014-05-19
"2274",44,"Wirobrajan",3,0,2014-01-20
"2275",44,"Wirobrajan",16,0,2014-04-21
"2276",44,"Wirobrajan",41,0,2014-10-13
"2277",44,"Wirobrajan",36,0,2014-09-08
"2278",44,"Wirobrajan",13,0,2014-03-31
"2279",44,"Wirobrajan",2,0,2014-01-13
"2280",44,"Wirobrajan",9,2,2014-03-03
"2281",44,"Wirobrajan",4,0,2014-01-27
"2282",44,"Wirobrajan",5,0,2014-02-03
"2283",44,"Wirobrajan",15,0,2014-04-14
"2284",44,"Wirobrajan",1,1,2014-01-06
"2285",44,"Wirobrajan",49,0,2014-12-08
"2286",44,"Wirobrajan",7,0,2014-02-17
"2287",44,"Wirobrajan",12,0,2014-03-24
"2288",44,"Wirobrajan",52,0,2014-12-29
"2289",45,"Pakuncen",44,0,2014-11-03
"2290",45,"Pakuncen",45,0,2014-11-10
"2291",45,"Pakuncen",50,0,2014-12-15
"2292",45,"Pakuncen",37,1,2014-09-15
"2293",45,"Pakuncen",47,0,2014-11-24
"2294",45,"Pakuncen",42,0,2014-10-20
"2295",45,"Pakuncen",29,0,2014-07-21
"2296",45,"Pakuncen",23,0,2014-06-09
"2297",45,"Pakuncen",39,1,2014-09-29
"2298",45,"Pakuncen",34,0,2014-08-25
"2299",45,"Pakuncen",36,0,2014-09-08
"2300",45,"Pakuncen",21,0,2014-05-26
"2301",45,"Pakuncen",31,0,2014-08-04
"2302",45,"Pakuncen",26,0,2014-06-30
"2303",45,"Pakuncen",35,0,2014-09-01
"2304",45,"Pakuncen",28,0,2014-07-14
"2305",45,"Pakuncen",8,0,2014-02-24
"2306",45,"Pakuncen",18,0,2014-05-05
"2307",45,"Pakuncen",27,0,2014-07-07
"2308",45,"Pakuncen",17,1,2014-04-28
"2309",45,"Pakuncen",15,0,2014-04-14
"2310",45,"Pakuncen",10,0,2014-03-10
"2311",45,"Pakuncen",19,0,2014-05-12
"2312",45,"Pakuncen",46,0,2014-11-17
"2313",45,"Pakuncen",1,0,2014-01-06
"2314",45,"Pakuncen",2,0,2014-01-13
"2315",45,"Pakuncen",11,0,2014-03-17
"2316",45,"Pakuncen",38,1,2014-09-22
"2317",45,"Pakuncen",20,0,2014-05-19
"2318",45,"Pakuncen",9,0,2014-03-03
"2319",45,"Pakuncen",3,0,2014-01-20
"2320",45,"Pakuncen",30,1,2014-07-28
"2321",45,"Pakuncen",48,0,2014-12-01
"2322",45,"Pakuncen",4,0,2014-01-27
"2323",45,"Pakuncen",13,0,2014-03-31
"2324",45,"Pakuncen",22,1,2014-06-02
"2325",45,"Pakuncen",40,1,2014-10-06
"2326",45,"Pakuncen",49,0,2014-12-08
"2327",45,"Pakuncen",5,0,2014-02-03
"2328",45,"Pakuncen",14,0,2014-04-07
"2329",45,"Pakuncen",32,0,2014-08-11
"2330",45,"Pakuncen",41,1,2014-10-13
"2331",45,"Pakuncen",12,0,2014-03-24
"2332",45,"Pakuncen",6,1,2014-02-10
"2333",45,"Pakuncen",24,0,2014-06-16
"2334",45,"Pakuncen",33,0,2014-08-18
"2335",45,"Pakuncen",51,0,2014-12-22
"2336",45,"Pakuncen",7,0,2014-02-17
"2337",45,"Pakuncen",16,0,2014-04-21
"2338",45,"Pakuncen",25,0,2014-06-23
"2339",45,"Pakuncen",43,0,2014-10-27
"2340",45,"Pakuncen",52,1,2014-12-29
